2020-06-30 08:50:51,396,27
2020-06-30 08:51:01,396,27
2020-06-30 08:51:11,396,27
2020-06-30 08:51:21,396,27
2020-06-30 08:51:31,396,27
2020-06-30 08:51:41,396,27
2020-06-30 08:51:51,396,27
2020-06-30 08:52:01,396,27
2020-06-30 08:52:11,396,27
2020-06-30 08:52:21,396,27
2020-06-30 08:52:31,396,27
2020-06-30 08:52:41,396,27
2020-06-30 08:52:51,396,27
2020-06-30 08:53:01,396,27
2020-06-30 08:53:11,396,27
2020-06-30 08:53:21,396,27
2020-06-30 08:53:31,396,27
2020-06-30 08:53:41,396,27
2020-06-30 08:53:51,396,27
2020-06-30 08:54:01,396,27
2020-06-30 08:54:11,396,27
2020-06-30 08:54:21,397,27
2020-06-30 08:54:31,397,27
2020-06-30 08:54:41,397,27
2020-06-30 08:54:51,397,27
2020-06-30 08:55:39,396,27
2020-06-30 08:55:49,396,26
2020-06-30 08:55:59,396,26
2020-06-30 08:56:09,396,26
2020-06-30 08:56:19,396,26
2020-06-30 08:56:29,396,26
2020-06-30 08:56:39,396,26
2020-06-30 08:56:49,396,26
2020-06-30 08:56:59,396,26
2020-06-30 08:57:09,396,26
2020-06-30 08:57:19,396,26
2020-06-30 08:57:29,396,26
2020-06-30 08:57:39,396,26
2020-06-30 08:57:49,396,26
2020-06-30 08:57:59,396,26
2020-06-30 08:58:09,396,26
2020-06-30 08:58:19,396,26
2020-06-30 08:58:29,396,26
2020-06-30 08:58:39,396,26
2020-06-30 08:58:49,396,26
2020-06-30 08:58:59,396,26
2020-06-30 08:59:09,396,26
2020-06-30 08:59:19,396,26
2020-06-30 08:59:29,396,26
2020-06-30 08:59:39,396,26
2020-06-30 08:59:49,396,26
2020-06-30 08:59:59,396,26
2020-06-30 09:00:09,396,26
2020-06-30 09:00:19,396,26
2020-06-30 09:00:29,396,26
2020-06-30 09:00:39,396,26
2020-06-30 09:00:49,396,26
2020-06-30 09:00:59,396,26
2020-06-30 09:01:09,396,26
2020-06-30 09:01:19,396,26
2020-06-30 09:01:29,396,26
2020-06-30 09:01:39,396,26
2020-06-30 09:01:49,396,26
2020-06-30 09:01:59,396,26
2020-06-30 09:02:09,396,26
2020-06-30 09:02:19,396,26
2020-06-30 09:02:29,396,26
2020-06-30 09:02:39,396,26
2020-06-30 09:02:49,396,26
2020-06-30 09:02:59,396,26
2020-06-30 09:03:09,396,26
2020-06-30 09:03:19,396,26
2020-06-30 09:03:29,396,26
2020-06-30 09:03:39,396,26
2020-06-30 09:03:49,396,26
2020-06-30 09:03:59,396,26
2020-06-30 09:04:09,396,26
2020-06-30 09:04:19,396,26
2020-06-30 09:04:29,396,26
2020-06-30 09:04:39,396,26
2020-06-30 09:04:49,396,26
2020-06-30 09:04:59,396,26
2020-06-30 09:05:09,396,26
2020-06-30 09:05:19,396,26
2020-06-30 09:05:29,396,26
2020-06-30 09:05:39,396,26
2020-06-30 09:05:49,396,26
2020-06-30 09:05:59,396,27
2020-06-30 09:06:09,396,27
2020-06-30 09:06:19,396,27
2020-06-30 09:06:29,396,27
2020-06-30 09:06:39,396,27
2020-06-30 09:06:49,396,27
2020-06-30 09:06:59,397,27
2020-06-30 09:07:09,397,27
2020-06-30 09:07:19,397,27
2020-06-30 09:07:29,397,27
2020-06-30 09:07:39,396,27
2020-06-30 09:07:49,396,27
2020-06-30 09:07:59,396,27
2020-06-30 09:08:09,396,27
2020-06-30 09:08:19,396,27
2020-06-30 09:08:29,396,27
2020-06-30 09:08:39,396,27
2020-06-30 09:08:49,396,27
2020-06-30 09:08:59,396,27
2020-06-30 09:09:09,396,27
2020-06-30 09:09:19,396,27
2020-06-30 09:09:29,396,27
2020-06-30 09:09:39,396,27
2020-06-30 09:09:49,396,27
2020-06-30 09:09:59,396,27
2020-06-30 09:10:09,396,27
2020-06-30 09:10:19,396,27
2020-06-30 09:10:29,396,27
2020-06-30 09:10:39,396,27
2020-06-30 09:10:49,396,27
2020-06-30 09:10:59,396,27
2020-06-30 09:11:09,396,27
2020-06-30 09:11:19,396,27
2020-06-30 09:11:29,396,27
2020-06-30 09:11:39,396,27
2020-06-30 09:11:49,396,27
2020-06-30 09:11:59,396,27
2020-06-30 09:12:09,396,27
2020-06-30 09:12:19,396,27
2020-06-30 09:12:29,396,27
2020-06-30 09:12:39,396,27
2020-06-30 09:12:49,396,27
2020-06-30 09:12:59,395,27
2020-06-30 09:13:09,396,27
2020-06-30 09:13:19,396,27
2020-06-30 09:13:29,396,27
2020-06-30 09:13:39,396,26
2020-06-30 09:13:49,396,27
2020-06-30 09:13:59,395,27
2020-06-30 09:14:09,395,27
2020-06-30 09:14:19,395,27
2020-06-30 09:14:29,395,27
2020-06-30 09:14:39,396,27
2020-06-30 09:14:49,396,27
2020-06-30 09:14:59,396,27
2020-06-30 09:15:09,396,27
2020-06-30 09:15:19,396,27
2020-06-30 09:15:29,396,27
2020-06-30 09:15:39,396,27
2020-06-30 09:15:49,396,27
2020-06-30 09:15:59,396,27
2020-06-30 09:16:09,396,27
2020-06-30 09:16:19,396,27
2020-06-30 09:16:29,396,27
2020-06-30 09:16:39,396,27
2020-06-30 09:16:49,396,27
2020-06-30 09:16:59,396,27
2020-06-30 09:17:09,396,27
2020-06-30 09:17:19,396,27
2020-06-30 09:17:29,396,27
2020-06-30 09:17:39,396,27
2020-06-30 09:17:49,396,27
2020-06-30 09:17:59,396,27
2020-06-30 09:18:09,396,27
2020-06-30 09:18:19,396,27
2020-06-30 09:18:29,396,27
2020-06-30 09:18:39,396,27
2020-06-30 09:18:49,396,27
2020-06-30 09:18:59,396,27
2020-06-30 09:19:09,396,27
2020-06-30 09:19:19,396,27
2020-06-30 09:19:29,396,27
2020-06-30 09:19:39,396,27
2020-06-30 09:19:49,396,27
2020-06-30 09:19:59,396,27
2020-06-30 09:20:09,396,26
2020-06-30 09:20:19,396,26
2020-06-30 09:20:29,396,27
2020-06-30 09:20:39,396,27
2020-06-30 09:20:49,396,27
2020-06-30 09:20:59,396,27
2020-06-30 09:21:09,396,27
2020-06-30 09:21:19,396,27
2020-06-30 09:21:29,396,27
2020-06-30 09:21:39,396,27
2020-06-30 09:21:49,396,27
2020-06-30 09:21:59,396,27
2020-06-30 09:22:09,396,27
2020-06-30 09:22:19,396,27
2020-06-30 09:22:29,396,27
2020-06-30 09:22:39,396,27
2020-06-30 09:22:49,396,27
2020-06-30 09:22:59,396,27
2020-06-30 09:23:09,396,27
2020-06-30 09:23:19,396,27
2020-06-30 09:23:29,396,27
2020-06-30 09:23:39,396,27
2020-06-30 09:23:49,396,27
2020-06-30 09:23:59,396,27
2020-06-30 09:24:09,396,27
2020-06-30 09:24:19,396,27
2020-06-30 09:24:29,396,27
2020-06-30 09:24:39,396,27
2020-06-30 09:24:49,396,27
2020-06-30 09:24:59,396,26
2020-06-30 09:25:09,396,26
2020-06-30 09:25:19,395,27
2020-06-30 09:25:29,395,27
2020-06-30 09:25:39,395,27
2020-06-30 09:25:49,395,27
2020-06-30 09:25:59,395,27
2020-06-30 09:26:09,395,27
2020-06-30 09:26:19,395,27
2020-06-30 09:26:29,395,27
2020-06-30 09:26:39,395,27
2020-06-30 09:26:49,395,27
2020-06-30 09:26:59,395,27
2020-06-30 09:27:09,395,27
2020-06-30 09:27:19,395,27
2020-06-30 09:27:29,395,27
2020-06-30 09:27:39,395,27
2020-06-30 09:27:49,395,27
2020-06-30 09:27:59,396,27
2020-06-30 09:28:09,396,27
2020-06-30 09:28:19,396,27
2020-06-30 09:28:29,395,27
2020-06-30 09:28:39,395,27
2020-06-30 09:28:49,395,27
2020-06-30 09:28:59,396,27
2020-06-30 09:29:09,396,27
2020-06-30 09:29:19,396,27
2020-06-30 09:29:29,395,27
2020-06-30 09:29:39,395,27
2020-06-30 09:29:49,395,27
2020-06-30 09:29:59,395,27
2020-06-30 09:30:09,395,27
2020-06-30 09:30:19,395,27
2020-06-30 09:30:29,395,27
2020-06-30 09:30:39,395,27
2020-06-30 09:30:49,395,27
2020-06-30 09:30:59,395,27
2020-06-30 09:31:09,396,27
2020-06-30 09:31:19,396,27
2020-06-30 09:31:29,396,27
2020-06-30 09:31:39,396,27
2020-06-30 09:31:49,396,26
2020-06-30 09:31:59,396,26
2020-06-30 09:32:09,395,26
2020-06-30 09:32:19,395,26
2020-06-30 09:32:29,395,26
2020-06-30 09:32:39,395,26
2020-06-30 09:32:49,395,26
2020-06-30 09:32:59,395,26
2020-06-30 09:33:09,395,26
2020-06-30 09:33:19,395,26
2020-06-30 09:33:29,395,26
2020-06-30 09:33:39,395,26
2020-06-30 09:33:49,395,26
2020-06-30 09:33:59,395,27
2020-06-30 09:34:09,395,27
2020-06-30 09:34:19,395,27
2020-06-30 09:34:29,396,27
2020-06-30 09:34:39,396,27
2020-06-30 09:34:49,396,27
2020-06-30 09:34:59,396,27
2020-06-30 09:35:09,396,27
2020-06-30 09:35:19,396,27
2020-06-30 09:35:29,396,27
2020-06-30 09:35:39,396,27
2020-06-30 09:35:49,396,27
2020-06-30 09:35:59,396,27
2020-06-30 09:36:09,396,27
2020-06-30 09:36:19,396,27
2020-06-30 09:36:29,396,27
2020-06-30 09:36:39,396,27
2020-06-30 09:36:49,396,27
2020-06-30 09:36:59,396,27
2020-06-30 09:37:09,396,27
2020-06-30 09:37:19,396,27
2020-06-30 09:37:29,396,27
2020-06-30 09:37:39,395,27
2020-06-30 09:37:49,396,27
2020-06-30 09:37:59,396,27
2020-06-30 09:38:09,396,27
2020-06-30 09:38:19,396,27
2020-06-30 09:38:29,396,27
2020-06-30 09:38:39,396,27
2020-06-30 09:38:49,396,27
2020-06-30 09:38:59,396,27
2020-06-30 09:39:09,396,27
2020-06-30 09:39:19,396,27
2020-06-30 09:39:29,396,27
2020-06-30 09:39:39,396,27
2020-06-30 09:39:49,396,27
2020-06-30 09:39:59,396,27
2020-06-30 09:40:09,396,27
2020-06-30 09:40:19,396,27
2020-06-30 09:40:29,396,27
2020-06-30 09:40:39,396,27
2020-06-30 09:40:49,396,27
2020-06-30 09:40:59,396,27
2020-06-30 09:41:09,396,27
2020-06-30 09:41:19,396,27
2020-06-30 09:41:29,396,27
2020-06-30 09:41:39,396,27
2020-06-30 09:41:49,396,27
2020-06-30 09:41:59,396,27
2020-06-30 09:42:09,396,27
2020-06-30 09:42:19,396,27
2020-06-30 09:42:29,396,27
2020-06-30 09:42:39,396,27
2020-06-30 09:42:49,396,27
2020-06-30 09:42:59,396,27
2020-06-30 09:43:09,396,27
2020-06-30 09:43:19,396,27
2020-06-30 09:43:29,396,27
2020-06-30 09:43:39,396,27
2020-06-30 09:43:49,396,27
2020-06-30 09:43:59,396,27
2020-06-30 09:44:09,396,27
2020-06-30 09:44:19,396,27
2020-06-30 09:44:29,396,27
2020-06-30 09:44:39,396,27
2020-06-30 09:44:49,396,27
2020-06-30 09:44:59,396,27
2020-06-30 09:45:09,396,27
2020-06-30 09:45:19,396,27
2020-06-30 09:45:29,396,27
2020-06-30 09:45:39,396,27
2020-06-30 09:45:49,396,27
2020-06-30 09:45:59,396,27
2020-06-30 09:46:09,396,27
2020-06-30 09:46:19,396,27
2020-06-30 09:46:29,396,27
2020-06-30 09:46:39,396,27
2020-06-30 09:46:49,396,27
2020-06-30 09:46:59,396,27
2020-06-30 09:47:09,396,27
2020-06-30 09:47:19,396,27
2020-06-30 09:47:29,396,27
2020-06-30 09:47:39,396,27
2020-06-30 09:47:49,396,27
2020-06-30 09:47:59,396,27
2020-06-30 09:48:09,396,27
2020-06-30 09:48:19,396,27
2020-06-30 09:48:29,396,27
2020-06-30 09:48:39,396,27
2020-06-30 09:48:49,396,27
2020-06-30 09:48:59,396,27
2020-06-30 09:49:09,396,27
2020-06-30 09:49:19,396,27
2020-06-30 09:49:29,396,27
2020-06-30 09:49:39,396,27
2020-06-30 09:49:49,396,27
2020-06-30 09:50:00,396,27
2020-06-30 09:50:10,396,27
2020-06-30 09:50:20,396,27
2020-06-30 09:50:30,396,27
2020-06-30 09:50:40,396,27
2020-06-30 09:50:50,397,27
2020-06-30 09:51:00,397,27
2020-06-30 09:51:10,397,27
2020-06-30 09:51:20,397,27
2020-06-30 09:51:30,397,27
2020-06-30 09:51:40,397,27
2020-06-30 09:51:50,397,27
2020-06-30 09:52:00,397,27
2020-06-30 09:52:10,397,27
2020-06-30 09:52:20,397,27
2020-06-30 09:52:30,397,27
2020-06-30 09:52:40,397,27
2020-06-30 09:52:50,397,27
2020-06-30 09:53:00,397,27
2020-06-30 09:53:10,397,27
2020-06-30 09:53:20,397,27
2020-06-30 09:53:30,397,27
2020-06-30 09:53:40,396,27
2020-06-30 09:53:50,396,27
2020-06-30 09:54:00,396,27
2020-06-30 09:54:10,396,27
2020-06-30 09:54:20,396,27
2020-06-30 09:54:30,396,27
2020-06-30 09:54:40,396,27
2020-06-30 09:54:50,396,27
2020-06-30 09:55:00,396,27
2020-06-30 09:55:10,396,27
2020-06-30 09:55:20,397,27
2020-06-30 09:55:30,397,27
2020-06-30 09:55:40,397,27
2020-06-30 09:55:50,397,27
2020-06-30 09:56:00,397,27
2020-06-30 09:56:10,397,27
2020-06-30 09:56:20,397,27
2020-06-30 09:56:30,397,27
2020-06-30 09:56:40,397,27
2020-06-30 09:56:50,397,27
2020-06-30 09:57:00,397,27
2020-06-30 09:57:10,397,27
2020-06-30 09:57:20,397,27
2020-06-30 09:57:30,397,27
2020-06-30 09:57:40,397,27
2020-06-30 09:57:50,397,27
2020-06-30 09:58:00,397,27
2020-06-30 09:58:10,397,27
2020-06-30 09:58:20,397,27
2020-06-30 09:58:30,397,27
2020-06-30 09:58:40,397,27
2020-06-30 09:58:50,397,27
2020-06-30 09:59:00,397,27
2020-06-30 09:59:10,397,27
2020-06-30 09:59:20,397,27
2020-06-30 09:59:30,397,27
2020-06-30 09:59:40,397,27
2020-06-30 09:59:50,397,27
2020-06-30 10:00:00,397,27
2020-06-30 10:00:10,397,27
2020-06-30 10:00:20,397,27
2020-06-30 10:00:30,397,27
2020-06-30 10:00:40,397,27
2020-06-30 10:00:50,397,27
2020-06-30 10:01:00,397,27
2020-06-30 10:01:10,397,27
2020-06-30 10:01:20,397,27
2020-06-30 10:01:30,397,27
2020-06-30 10:01:40,397,27
2020-06-30 10:01:50,397,27
2020-06-30 10:02:00,397,27
2020-06-30 10:02:10,397,27
2020-06-30 10:02:20,397,27
2020-06-30 10:02:30,397,27
2020-06-30 10:02:40,397,27
2020-06-30 10:02:50,397,27
2020-06-30 10:03:00,397,27
2020-06-30 10:03:10,397,27
2020-06-30 10:03:20,397,27
2020-06-30 10:03:30,397,27
2020-06-30 10:03:40,397,27
2020-06-30 10:03:50,397,27
2020-06-30 10:04:00,397,27
2020-06-30 10:04:10,397,27
2020-06-30 10:04:20,397,27
2020-06-30 10:04:30,397,27
2020-06-30 10:04:40,397,27
2020-06-30 10:04:50,397,27
2020-06-30 10:05:00,397,27
2020-06-30 10:05:10,397,27
2020-06-30 10:05:20,397,27
2020-06-30 10:05:30,397,27
2020-06-30 10:05:40,397,27
2020-06-30 10:05:50,396,27
2020-06-30 10:06:00,396,27
2020-06-30 10:06:10,397,27
2020-06-30 10:06:20,396,27
2020-06-30 10:06:30,396,27
2020-06-30 10:06:40,396,27
2020-06-30 10:06:50,397,27
2020-06-30 10:07:00,397,27
2020-06-30 10:07:10,397,27
2020-06-30 10:07:20,396,27
2020-06-30 10:07:30,396,27
2020-06-30 10:07:40,396,27
2020-06-30 10:07:50,397,27
2020-06-30 10:08:00,397,27
2020-06-30 10:08:10,396,27
2020-06-30 10:08:20,396,27
2020-06-30 10:08:30,396,27
2020-06-30 10:08:40,396,27
2020-06-30 10:08:50,396,27
2020-06-30 10:09:00,396,27
2020-06-30 10:09:10,396,27
2020-06-30 10:09:20,396,27
2020-06-30 10:09:30,396,27
2020-06-30 10:09:40,396,27
2020-06-30 10:09:50,396,27
2020-06-30 10:10:00,396,27
2020-06-30 10:10:10,396,27
2020-06-30 10:10:20,396,27
2020-06-30 10:10:30,396,27
2020-06-30 10:10:40,396,27
2020-06-30 10:10:50,397,27
2020-06-30 10:11:00,397,27
2020-06-30 10:11:10,397,27
2020-06-30 10:11:20,397,27
2020-06-30 10:11:30,397,27
2020-06-30 10:11:40,397,27
2020-06-30 10:11:50,397,27
2020-06-30 10:12:00,397,27
2020-06-30 10:12:10,397,27
2020-06-30 10:12:20,397,27
2020-06-30 10:12:30,397,27
2020-06-30 10:12:40,397,27
2020-06-30 10:12:50,397,27
2020-06-30 10:13:00,397,27
2020-06-30 10:13:20,397,27
2020-06-30 10:13:30,397,27
2020-06-30 10:13:40,397,27
2020-06-30 10:13:50,397,27
2020-06-30 10:14:00,397,27
2020-06-30 10:14:10,397,27
2020-06-30 10:14:20,397,27
2020-06-30 10:14:30,397,27
2020-06-30 10:14:40,397,27
2020-06-30 10:14:50,397,27
2020-06-30 10:15:00,397,27
2020-06-30 10:15:10,397,27
2020-06-30 10:15:20,397,27
2020-06-30 10:15:30,397,27
2020-06-30 10:15:40,397,27
2020-06-30 10:15:50,397,27
2020-06-30 10:16:00,397,27
2020-06-30 10:16:10,397,27
2020-06-30 10:16:20,397,27
2020-06-30 10:16:30,397,27
2020-06-30 10:16:40,397,27
2020-06-30 10:16:50,397,27
2020-06-30 10:17:00,397,27
2020-06-30 10:17:10,397,27
2020-06-30 10:17:20,397,27
2020-06-30 10:17:30,397,27
2020-06-30 10:17:40,397,27
2020-06-30 10:17:50,397,27
2020-06-30 10:18:00,396,27
2020-06-30 10:18:10,396,27
2020-06-30 10:18:20,396,27
2020-06-30 10:18:30,396,27
2020-06-30 10:18:40,397,27
2020-06-30 10:18:50,396,27
2020-06-30 10:19:00,396,27
2020-06-30 10:19:10,397,27
2020-06-30 10:19:20,397,27
2020-06-30 10:19:30,397,27
2020-06-30 10:19:40,397,27
2020-06-30 10:19:50,397,27
2020-06-30 10:20:00,397,27
2020-06-30 10:20:10,397,27
2020-06-30 10:20:20,397,27
2020-06-30 10:20:30,397,27
2020-06-30 10:20:40,397,27
2020-06-30 10:20:50,397,27
2020-06-30 10:21:00,397,27
2020-06-30 10:21:10,397,27
2020-06-30 10:21:20,397,27
2020-06-30 10:21:30,397,27
2020-06-30 10:21:40,397,27
2020-06-30 10:21:50,397,27
2020-06-30 10:22:00,397,27
2020-06-30 10:22:10,397,27
2020-06-30 10:22:20,397,27
2020-06-30 10:22:30,397,27
2020-06-30 10:22:40,397,27
2020-06-30 10:22:50,397,27
2020-06-30 10:23:00,397,27
2020-06-30 10:23:10,397,27
2020-06-30 10:23:20,397,27
2020-06-30 10:23:30,397,27
2020-06-30 10:23:40,397,27
2020-06-30 10:23:50,397,27
2020-06-30 10:24:00,397,27
2020-06-30 10:24:10,397,27
2020-06-30 10:24:20,397,27
2020-06-30 10:24:30,397,27
2020-06-30 10:24:40,397,27
2020-06-30 10:24:50,397,27
2020-06-30 10:25:00,397,27
2020-06-30 10:25:10,397,27
2020-06-30 10:25:20,397,27
2020-06-30 10:25:30,397,27
2020-06-30 10:25:40,397,27
2020-06-30 10:25:50,397,27
2020-06-30 10:26:00,397,27
2020-06-30 10:26:10,397,27
2020-06-30 10:26:20,396,27
2020-06-30 10:26:30,396,27
2020-06-30 10:26:40,396,27
2020-06-30 10:26:50,396,27
2020-06-30 10:27:00,396,27
2020-06-30 10:27:10,396,27
2020-06-30 10:27:20,396,27
2020-06-30 10:27:30,396,27
2020-06-30 10:27:40,396,27
2020-06-30 10:27:50,396,27
2020-06-30 10:28:00,396,27
2020-06-30 10:28:10,397,27
2020-06-30 10:28:20,397,27
2020-06-30 10:28:30,396,27
2020-06-30 10:28:40,396,27
2020-06-30 10:28:50,396,27
2020-06-30 10:29:00,396,27
2020-06-30 10:29:10,396,27
2020-06-30 10:29:20,396,27
2020-06-30 10:29:30,396,27
2020-06-30 10:29:40,396,27
2020-06-30 10:29:50,396,27
2020-06-30 10:30:00,396,27
2020-06-30 10:30:10,396,27
2020-06-30 10:30:20,396,27
2020-06-30 10:30:30,396,27
2020-06-30 10:30:40,396,27
2020-06-30 10:30:50,396,27
2020-06-30 10:31:00,396,27
2020-06-30 10:31:10,396,27
2020-06-30 10:31:20,396,27
2020-06-30 10:31:30,396,27
2020-06-30 10:31:40,396,27
2020-06-30 10:31:50,396,27
2020-06-30 10:32:00,396,27
2020-06-30 10:32:10,396,27
2020-06-30 10:32:20,396,27
2020-06-30 10:32:30,396,27
2020-06-30 10:32:40,396,27
2020-06-30 10:32:50,396,27
2020-06-30 10:33:00,396,27
2020-06-30 10:33:10,396,27
2020-06-30 10:33:20,396,27
2020-06-30 10:33:30,396,27
2020-06-30 10:33:40,396,27
2020-06-30 10:33:50,396,27
2020-06-30 10:34:00,396,27
2020-06-30 10:34:10,396,27
2020-06-30 10:34:20,396,27
2020-06-30 10:34:30,396,27
2020-06-30 10:34:40,396,27
2020-06-30 10:34:50,396,27
2020-06-30 10:35:00,396,27
2020-06-30 10:35:10,396,27
2020-06-30 10:35:20,396,27
2020-06-30 10:35:30,396,27
2020-06-30 10:35:40,396,27
2020-06-30 10:35:50,396,27
2020-06-30 10:36:00,396,27
2020-06-30 10:36:10,396,27
2020-06-30 10:36:20,396,27
2020-06-30 10:36:30,396,27
2020-06-30 10:36:40,396,27
2020-06-30 10:36:50,396,27
2020-06-30 10:37:00,396,27
2020-06-30 10:37:10,396,27
2020-06-30 10:37:20,396,27
2020-06-30 10:37:30,396,27
2020-06-30 10:37:40,396,27
2020-06-30 10:37:50,396,27
2020-06-30 10:38:00,396,27
2020-06-30 10:38:10,396,27
2020-06-30 10:38:20,396,27
2020-06-30 10:38:30,396,27
2020-06-30 10:38:40,396,27
2020-06-30 10:38:50,396,27
2020-06-30 10:39:00,396,27
2020-06-30 10:39:10,396,27
2020-06-30 10:39:20,396,27
2020-06-30 10:39:30,396,27
2020-06-30 10:39:40,396,28
2020-06-30 10:39:50,396,28
2020-06-30 10:40:00,396,28
2020-06-30 10:40:10,396,27
2020-06-30 10:40:20,396,28
2020-06-30 10:40:30,396,28
2020-06-30 10:40:40,396,28
2020-06-30 10:40:50,396,28
2020-06-30 10:41:00,396,28
2020-06-30 10:41:10,396,27
2020-06-30 10:41:20,396,27
2020-06-30 10:41:30,396,28
2020-06-30 10:41:40,396,28
2020-06-30 10:41:50,396,28
2020-06-30 10:42:00,396,28
2020-06-30 10:42:10,396,28
2020-06-30 10:42:20,396,28
2020-06-30 10:42:30,396,27
2020-06-30 10:42:40,396,27
2020-06-30 10:42:50,396,27
2020-06-30 10:43:00,396,27
2020-06-30 10:43:10,396,27
2020-06-30 10:43:20,396,27
2020-06-30 10:43:30,396,27
2020-06-30 10:43:40,396,27
2020-06-30 10:43:50,396,27
2020-06-30 10:44:00,396,27
2020-06-30 10:44:10,396,27
2020-06-30 10:44:20,396,27
2020-06-30 10:44:30,396,27
2020-06-30 10:44:40,396,27
2020-06-30 10:44:50,396,27
2020-06-30 10:45:00,396,27
2020-06-30 10:45:10,396,27
2020-06-30 10:45:20,396,27
2020-06-30 10:45:30,396,27
2020-06-30 10:45:40,396,27
2020-06-30 10:45:50,396,27
2020-06-30 10:46:00,396,27
2020-06-30 10:46:10,396,27
2020-06-30 10:46:20,396,27
2020-06-30 10:46:30,396,27
2020-06-30 10:46:40,396,27
2020-06-30 10:46:50,396,27
2020-06-30 10:47:00,396,27
2020-06-30 10:47:10,396,27
2020-06-30 10:47:20,396,27
2020-06-30 10:47:30,396,27
2020-06-30 10:47:40,396,27
2020-06-30 10:47:50,396,27
2020-06-30 10:48:00,396,27
2020-06-30 10:48:10,396,27
2020-06-30 10:48:20,396,27
2020-06-30 10:48:30,396,27
2020-06-30 10:48:40,396,27
2020-06-30 10:48:50,396,27
2020-06-30 10:49:00,396,27
2020-06-30 10:49:10,396,27
2020-06-30 10:49:20,396,27
2020-06-30 10:49:30,396,27
2020-06-30 10:49:40,396,27
2020-06-30 10:49:50,396,27
2020-06-30 10:50:00,396,27
2020-06-30 10:50:10,396,27
2020-06-30 10:50:20,396,27
2020-06-30 10:50:30,396,27
2020-06-30 10:50:40,396,27
2020-06-30 10:50:50,396,27
2020-06-30 10:51:00,396,27
2020-06-30 10:51:10,396,27
2020-06-30 10:51:20,396,27
2020-06-30 10:51:30,396,27
2020-06-30 10:51:40,396,27
2020-06-30 10:51:50,396,27
2020-06-30 10:52:00,396,27
2020-06-30 10:52:10,396,27
2020-06-30 10:52:20,396,27
2020-06-30 10:52:30,396,27
2020-06-30 10:52:40,396,27
2020-06-30 10:52:50,396,27
2020-06-30 10:53:00,396,27
2020-06-30 10:53:10,396,27
2020-06-30 10:53:20,396,27
2020-06-30 10:53:30,396,27
2020-06-30 10:53:40,396,27
2020-06-30 10:53:50,396,27
2020-06-30 10:54:00,396,27
2020-06-30 10:54:10,396,27
2020-06-30 10:54:20,396,27
2020-06-30 10:54:30,396,27
2020-06-30 10:54:40,396,27
2020-06-30 10:54:50,396,27
2020-06-30 10:55:00,396,27
2020-06-30 10:55:10,396,27
2020-06-30 10:55:20,396,27
2020-06-30 10:55:30,396,27
2020-06-30 10:55:40,396,27
2020-06-30 10:55:50,396,27
2020-06-30 10:56:00,396,27
2020-06-30 10:56:10,396,27
2020-06-30 10:56:20,396,27
2020-06-30 10:56:30,396,27
2020-06-30 10:56:40,396,27
2020-06-30 10:56:50,396,27
2020-06-30 10:57:00,396,27
2020-06-30 10:57:10,396,27
2020-06-30 10:57:20,396,28
2020-06-30 10:57:30,396,28
2020-06-30 10:57:40,396,27
2020-06-30 10:57:50,396,27
2020-06-30 10:58:00,396,27
2020-06-30 10:58:10,396,27
2020-06-30 10:58:20,396,27
2020-06-30 10:58:30,395,27
2020-06-30 10:58:40,395,27
2020-06-30 10:58:50,395,27
2020-06-30 10:59:00,395,27
2020-06-30 10:59:10,395,27
2020-06-30 10:59:20,395,27
2020-06-30 10:59:30,396,27
2020-06-30 10:59:40,396,27
2020-06-30 10:59:50,396,27
2020-06-30 11:00:00,396,27
2020-06-30 11:00:10,396,27
2020-06-30 11:00:20,396,27
2020-06-30 11:00:30,396,27
2020-06-30 11:00:40,396,27
2020-06-30 11:00:50,396,27
2020-06-30 11:01:00,396,27
2020-06-30 11:01:10,396,27
2020-06-30 11:01:20,396,27
2020-06-30 11:01:30,396,27
2020-06-30 11:01:40,396,27
2020-06-30 11:01:50,396,27
2020-06-30 11:02:00,396,27
2020-06-30 11:02:10,396,27
2020-06-30 11:02:20,396,27
2020-06-30 11:02:30,396,27
2020-06-30 11:02:40,396,27
2020-06-30 11:02:50,396,27
2020-06-30 11:03:00,396,27
2020-06-30 11:03:10,396,27
2020-06-30 11:03:20,396,27
2020-06-30 11:03:30,396,27
2020-06-30 11:03:40,396,27
2020-06-30 11:03:50,396,27
2020-06-30 11:04:00,396,27
2020-06-30 11:04:10,396,27
2020-06-30 11:04:20,396,27
2020-06-30 11:04:30,396,27
2020-06-30 11:04:40,396,27
2020-06-30 11:04:50,396,27
2020-06-30 11:05:00,396,27
2020-06-30 11:05:10,396,27
2020-06-30 11:05:20,396,27
2020-06-30 11:05:30,396,27
2020-06-30 11:05:40,396,27
2020-06-30 11:05:50,396,27
2020-06-30 11:06:00,396,27
2020-06-30 11:06:10,396,27
2020-06-30 11:06:20,397,27
2020-06-30 11:06:30,396,27
2020-06-30 11:06:40,396,27
2020-06-30 11:06:50,396,27
2020-06-30 11:07:00,396,27
2020-06-30 11:07:10,396,27
2020-06-30 11:07:20,396,27
2020-06-30 11:07:30,396,27
2020-06-30 11:07:40,396,27
2020-06-30 11:07:50,396,27
2020-06-30 11:08:00,396,27
2020-06-30 11:08:10,396,27
2020-06-30 11:08:20,396,27
2020-06-30 11:08:30,396,27
2020-06-30 11:08:40,396,27
2020-06-30 11:08:50,396,27
2020-06-30 11:09:00,396,27
2020-06-30 11:09:10,396,27
2020-06-30 11:09:20,396,27
2020-06-30 11:09:30,396,27
2020-06-30 11:09:40,396,27
2020-06-30 11:09:50,396,27
2020-06-30 11:10:00,396,27
2020-06-30 11:10:10,396,27
2020-06-30 11:10:20,396,27
2020-06-30 11:10:30,396,27
2020-06-30 11:10:40,396,27
2020-06-30 11:10:50,396,27
2020-06-30 11:11:00,396,27
2020-06-30 11:11:10,396,27
2020-06-30 11:11:20,396,27
2020-06-30 11:11:30,396,27
2020-06-30 11:11:40,396,27
2020-06-30 11:11:50,396,27
2020-06-30 11:12:00,396,27
2020-06-30 11:12:10,396,27
2020-06-30 11:12:20,396,27
2020-06-30 11:12:30,396,27
2020-06-30 11:12:40,396,28
2020-06-30 11:12:50,396,27
2020-06-30 11:13:00,396,28
2020-06-30 11:13:10,396,28
2020-06-30 11:13:20,396,28
2020-06-30 11:13:30,396,28
2020-06-30 11:13:40,396,27
2020-06-30 11:13:50,396,27
2020-06-30 11:14:00,396,27
2020-06-30 11:14:10,396,27
2020-06-30 11:14:20,396,27
2020-06-30 11:14:30,396,27
2020-06-30 11:14:40,396,27
2020-06-30 11:14:50,396,27
2020-06-30 11:15:00,396,27
2020-06-30 11:15:10,396,28
2020-06-30 11:15:20,396,28
2020-06-30 11:15:30,396,28
2020-06-30 11:15:40,396,28
2020-06-30 11:15:50,396,28
2020-06-30 11:16:00,396,28
2020-06-30 11:16:10,396,28
2020-06-30 11:16:20,396,27
2020-06-30 11:16:30,396,27
2020-06-30 11:16:40,396,27
2020-06-30 11:16:50,396,27
2020-06-30 11:17:00,396,27
2020-06-30 11:17:10,396,27
2020-06-30 11:17:20,396,27
2020-06-30 11:17:30,396,27
2020-06-30 11:17:40,396,27
2020-06-30 11:17:50,396,27
2020-06-30 11:18:00,396,27
2020-06-30 11:18:10,396,27
2020-06-30 11:18:20,396,27
2020-06-30 11:18:30,395,27
2020-06-30 11:18:40,395,27
2020-06-30 11:18:50,395,27
2020-06-30 11:19:00,395,27
2020-06-30 11:19:10,395,27
2020-06-30 11:19:20,395,27
2020-06-30 11:19:30,395,27
2020-06-30 11:19:40,395,27
2020-06-30 11:19:50,395,27
2020-06-30 11:20:00,396,27
2020-06-30 11:20:10,396,27
2020-06-30 11:20:20,396,27
2020-06-30 11:20:30,396,27
2020-06-30 11:20:40,396,28
2020-06-30 11:20:50,396,27
2020-06-30 11:21:00,396,27
2020-06-30 11:21:10,396,27
2020-06-30 11:21:20,396,27
2020-06-30 11:21:30,396,27
2020-06-30 11:21:40,396,27
2020-06-30 11:21:50,396,27
2020-06-30 11:22:00,396,27
2020-06-30 11:22:10,396,27
2020-06-30 11:22:20,396,27
2020-06-30 11:22:30,396,27
2020-06-30 11:22:40,396,27
2020-06-30 11:22:50,396,27
2020-06-30 11:23:00,396,27
2020-06-30 11:23:10,396,27
2020-06-30 11:23:20,396,27
2020-06-30 11:23:30,396,27
2020-06-30 11:23:40,396,27
2020-06-30 11:23:50,396,27
2020-06-30 11:24:00,396,27
2020-06-30 11:24:10,396,27
2020-06-30 11:24:20,396,27
2020-06-30 11:24:30,396,27
2020-06-30 11:24:40,395,27
2020-06-30 11:24:50,395,27
2020-06-30 11:25:00,395,27
2020-06-30 11:25:10,395,27
2020-06-30 11:25:20,395,27
2020-06-30 11:25:30,395,27
2020-06-30 11:25:40,395,27
2020-06-30 11:25:50,395,27
2020-06-30 11:26:00,395,27
2020-06-30 11:26:10,395,28
2020-06-30 11:26:20,396,27
2020-06-30 11:26:30,396,27
2020-06-30 11:26:40,396,27
2020-06-30 11:26:50,396,27
2020-06-30 11:27:00,396,27
2020-06-30 11:27:10,396,27
2020-06-30 11:27:20,396,27
2020-06-30 11:27:30,396,27
2020-06-30 11:27:40,396,28
2020-06-30 11:27:50,396,28
2020-06-30 11:28:00,396,27
2020-06-30 11:28:10,396,27
2020-06-30 11:28:20,396,27
2020-06-30 11:28:30,396,28
2020-06-30 11:28:40,396,28
2020-06-30 11:28:50,396,28
2020-06-30 11:29:00,396,28
2020-06-30 11:29:10,396,27
2020-06-30 11:29:20,396,27
2020-06-30 11:29:30,396,27
2020-06-30 11:29:40,396,27
2020-06-30 11:29:50,396,28
2020-06-30 11:30:00,396,27
2020-06-30 11:30:10,396,27
2020-06-30 11:30:20,396,27
2020-06-30 11:30:30,396,27
2020-06-30 11:30:40,396,27
2020-06-30 11:30:50,396,27
2020-06-30 11:31:00,396,27
2020-06-30 11:31:10,396,27
2020-06-30 11:31:20,396,27
2020-06-30 11:31:30,396,27
2020-06-30 11:31:40,396,27
2020-06-30 11:31:50,396,27
2020-06-30 11:32:00,396,27
2020-06-30 11:32:10,396,27
2020-06-30 11:32:20,396,27
2020-06-30 11:32:30,396,27
2020-06-30 11:32:40,396,27
2020-06-30 11:32:50,396,27
2020-06-30 11:33:00,396,27
2020-06-30 11:33:10,396,28
2020-06-30 11:33:20,396,28
2020-06-30 11:33:30,396,28
2020-06-30 11:33:40,396,28
2020-06-30 11:33:50,396,28
2020-06-30 11:34:00,396,28
2020-06-30 11:34:10,396,28
2020-06-30 11:34:20,396,28
2020-06-30 11:34:30,396,28
2020-06-30 11:34:40,396,28
2020-06-30 11:34:50,396,28
2020-06-30 11:35:00,396,28
2020-06-30 11:35:10,396,28
2020-06-30 11:35:20,396,28
2020-06-30 11:35:30,396,28
2020-06-30 11:35:40,396,28
2020-06-30 11:35:50,396,28
2020-06-30 11:36:00,396,28
2020-06-30 11:36:10,396,28
2020-06-30 11:36:20,396,28
2020-06-30 11:36:30,396,28
2020-06-30 11:36:40,396,28
2020-06-30 11:36:50,396,28
2020-06-30 11:37:00,396,28
2020-06-30 11:37:10,396,28
2020-06-30 11:37:20,396,28
2020-06-30 11:37:30,396,28
2020-06-30 11:37:40,396,28
2020-06-30 11:37:50,396,28
2020-06-30 11:38:00,396,28
2020-06-30 11:38:10,396,28
2020-06-30 11:38:20,396,28
2020-06-30 11:38:30,396,28
2020-06-30 11:38:40,396,28
2020-06-30 11:38:50,396,27
2020-06-30 11:39:00,396,27
2020-06-30 11:39:10,396,27
2020-06-30 15:45:01,407,28
2020-06-30 15:45:11,408,28
2020-06-30 15:45:21,409,28
2020-06-30 15:45:31,409,28
2020-06-30 15:45:41,412,28
2020-06-30 15:45:51,411,28
2020-06-30 15:46:01,408,28
2020-06-30 15:46:11,404,28
2020-06-30 15:46:21,402,28
2020-06-30 15:46:31,403,28
2020-06-30 15:46:41,405,28
2020-06-30 15:46:51,406,28
2020-06-30 15:47:01,407,28
2020-06-30 15:47:11,406,28
2020-06-30 15:47:21,404,28
2020-06-30 15:47:31,404,28
2020-06-30 15:47:42,403,28
2020-06-30 15:47:52,403,28
2020-06-30 15:48:02,404,28
2020-06-30 15:48:12,403,28
2020-06-30 15:48:22,402,28
2020-06-30 15:48:32,404,28
2020-06-30 15:48:42,406,28
2020-06-30 15:48:52,408,28
2020-06-30 15:49:02,408,28
2020-06-30 15:49:12,406,28
2020-06-30 15:49:22,403,28
2020-06-30 15:49:32,401,28
2020-06-30 15:49:42,398,28
2020-06-30 15:49:52,396,28
2020-06-30 15:50:02,395,28
2020-06-30 15:50:12,393,28
2020-06-30 15:50:22,392,28
2020-06-30 15:50:32,393,28
2020-06-30 15:50:42,397,28
2020-06-30 15:50:52,400,28
2020-06-30 15:51:02,400,28
2020-06-30 15:51:12,400,28
2020-06-30 15:51:22,400,28
2020-06-30 15:51:32,400,28
2020-06-30 15:51:42,401,28
2020-06-30 15:51:52,403,28
2020-06-30 15:52:02,406,28
2020-06-30 15:52:12,406,28
2020-06-30 15:52:22,406,28
2020-06-30 15:52:32,407,28
2020-06-30 15:52:42,407,28
2020-06-30 15:52:52,408,28
2020-06-30 15:53:02,409,28
2020-06-30 15:53:12,409,28
2020-06-30 15:53:22,408,28
2020-06-30 15:53:32,406,28
2020-06-30 15:53:42,405,28
2020-06-30 15:53:52,407,28
2020-06-30 15:54:02,407,28
2020-06-30 15:54:12,409,28
2020-06-30 15:54:22,414,28
2020-06-30 15:54:32,415,28
2020-06-30 15:54:42,415,28
2020-06-30 15:54:52,415,28
2020-06-30 15:55:02,414,28
2020-06-30 15:55:12,414,28
2020-06-30 15:55:22,414,28
2020-06-30 15:55:32,417,28
2020-06-30 15:55:42,419,28
2020-06-30 15:55:52,419,28
2020-06-30 15:56:02,418,28
2020-06-30 15:56:12,418,28
2020-06-30 15:56:22,418,28
2020-06-30 15:56:32,417,28
2020-06-30 15:56:42,416,28
2020-06-30 15:56:52,416,28
2020-06-30 15:57:02,416,28
2020-06-30 15:57:12,416,28
2020-06-30 15:57:22,417,28
2020-06-30 15:57:32,419,28
2020-06-30 15:57:42,420,28
2020-06-30 15:57:52,418,28
2020-06-30 15:58:02,417,28
2020-06-30 15:58:12,417,28
2020-06-30 15:58:22,418,28
2020-06-30 15:58:32,419,28
2020-06-30 15:58:42,419,28
2020-06-30 15:58:52,419,28
2020-06-30 15:59:02,420,28
2020-06-30 15:59:12,420,28
2020-06-30 15:59:22,419,28
2020-06-30 15:59:32,418,28
2020-06-30 15:59:42,417,28
2020-06-30 15:59:52,418,28
2020-06-30 16:00:02,419,28
2020-06-30 16:00:12,420,28
2020-06-30 16:00:22,420,28
2020-06-30 16:00:32,420,28
2020-06-30 16:00:42,419,28
2020-06-30 16:00:52,418,28
2020-06-30 16:01:02,417,28
2020-06-30 16:01:12,418,28
2020-06-30 16:01:22,418,28
2020-06-30 16:01:32,419,28
2020-06-30 16:01:42,420,28
2020-06-30 16:01:52,420,28
2020-06-30 16:02:02,420,28
2020-06-30 16:02:12,418,28
2020-06-30 16:02:22,417,28
2020-06-30 16:02:32,416,28
2020-06-30 16:02:42,414,28
2020-06-30 16:02:52,411,28
2020-06-30 16:03:02,410,28
2020-06-30 16:03:12,409,28
2020-06-30 16:03:22,408,28
2020-06-30 16:03:32,408,28
2020-06-30 16:03:42,408,28
2020-06-30 16:03:52,409,28
2020-06-30 16:04:02,409,28
2020-06-30 16:04:12,409,28
2020-06-30 16:04:22,407,28
2020-06-30 16:04:32,405,28
2020-06-30 16:04:42,403,28
2020-06-30 16:04:52,402,28
2020-06-30 16:05:02,401,28
2020-06-30 16:05:12,401,28
2020-06-30 16:05:22,400,28
2020-06-30 16:05:32,400,28
2020-06-30 16:05:42,399,28
2020-06-30 16:05:52,399,28
2020-06-30 16:06:02,400,28
2020-06-30 16:06:12,401,28
2020-06-30 16:06:22,402,28
2020-06-30 16:06:32,401,28
2020-06-30 16:06:42,400,28
2020-06-30 16:06:52,399,28
2020-06-30 16:07:02,398,28
2020-06-30 16:07:12,397,28
2020-06-30 16:07:22,394,28
2020-06-30 16:07:32,399,28
2020-06-30 16:07:42,399,28
2020-06-30 16:07:52,399,28
2020-06-30 16:08:02,391,28
2020-06-30 16:08:12,391,28
2020-06-30 16:08:22,399,28
2020-06-30 16:08:32,399,28
2020-06-30 16:08:42,399,28
2020-06-30 16:08:52,391,28
2020-06-30 16:09:02,399,28
2020-06-30 16:09:12,399,28
2020-06-30 16:09:22,391,28
2020-06-30 16:09:32,391,28
2020-06-30 16:09:42,399,28
2020-06-30 16:09:52,399,28
2020-06-30 16:10:02,399,28
2020-06-30 16:10:12,391,28
2020-06-30 16:10:22,391,28
2020-06-30 16:10:32,399,28
2020-06-30 16:10:42,392,28
2020-06-30 16:10:52,395,28
2020-06-30 16:11:02,398,28
2020-06-30 16:11:12,400,28
2020-06-30 16:11:22,402,28
2020-06-30 16:11:32,405,28
2020-06-30 16:11:42,406,28
2020-06-30 16:11:52,407,28
2020-06-30 16:12:02,405,28
2020-06-30 16:12:12,403,28
2020-06-30 16:12:22,404,28
2020-06-30 16:12:32,405,28
2020-06-30 16:12:42,403,28
2020-06-30 16:12:52,401,28
2020-06-30 16:13:02,400,28
2020-06-30 16:13:12,401,28
2020-06-30 16:13:22,403,28
2020-06-30 16:13:32,404,28
2020-06-30 16:13:42,404,28
2020-06-30 16:13:52,404,28
2020-06-30 16:14:02,403,28
2020-06-30 16:14:12,401,28
2020-06-30 16:14:22,401,28
2020-06-30 16:14:32,402,28
2020-06-30 16:14:42,403,28
2020-06-30 16:14:52,402,28
2020-06-30 16:15:02,400,28
2020-06-30 16:15:12,400,28
2020-06-30 16:15:22,401,28
2020-06-30 16:15:32,402,28
2020-06-30 16:15:42,403,28
2020-06-30 16:15:52,403,28
2020-06-30 16:16:02,403,28
2020-06-30 16:16:12,403,28
2020-06-30 16:16:22,403,28
2020-06-30 16:16:32,402,28
2020-06-30 16:16:42,402,28
2020-06-30 16:16:52,403,28
2020-06-30 16:17:02,403,28
2020-06-30 16:17:12,404,28
2020-06-30 16:17:22,404,28
2020-06-30 16:17:32,404,28
2020-06-30 16:17:42,405,28
2020-06-30 16:17:52,404,28
2020-06-30 16:18:02,403,28
2020-06-30 16:18:12,403,28
2020-06-30 16:18:22,402,28
2020-06-30 16:18:32,403,28
2020-06-30 16:18:42,403,28
2020-06-30 16:18:52,401,28
2020-06-30 16:19:02,401,28
2020-06-30 16:19:12,401,28
2020-06-30 16:19:22,401,28
2020-06-30 16:19:32,401,28
2020-06-30 16:19:42,401,28
2020-06-30 16:19:52,399,28
2020-06-30 16:20:02,396,28
2020-06-30 16:20:12,394,28
2020-06-30 16:20:22,394,28
2020-06-30 16:20:32,395,28
2020-06-30 16:20:42,394,28
2020-06-30 16:20:52,392,28
2020-06-30 16:21:02,399,28
2020-06-30 16:21:12,399,28
2020-06-30 16:21:22,399,28
2020-06-30 16:21:32,399,28
2020-06-30 16:21:42,399,28
2020-06-30 16:21:52,399,28
2020-06-30 16:22:02,397,28
2020-06-30 16:22:12,399,28
2020-06-30 16:22:22,400,28
2020-06-30 16:22:32,401,28
2020-06-30 16:22:42,402,28
2020-06-30 16:22:52,401,28
2020-06-30 16:23:02,399,28
2020-06-30 16:23:12,396,28
2020-06-30 16:23:22,393,28
2020-06-30 16:23:32,396,28
2020-06-30 16:23:42,401,28
2020-06-30 16:23:52,403,28
2020-06-30 16:24:02,404,28
2020-06-30 16:24:12,406,28
2020-06-30 16:24:22,406,28
2020-06-30 16:24:32,406,28
2020-06-30 16:24:42,406,28
2020-06-30 16:24:52,405,28
2020-06-30 16:25:02,405,28
2020-06-30 16:25:12,406,28
2020-06-30 16:25:22,407,28
2020-06-30 16:25:32,407,28
2020-06-30 16:25:42,405,28
2020-06-30 16:25:52,402,28
2020-06-30 16:26:02,400,28
2020-06-30 16:26:12,399,28
2020-06-30 16:26:22,399,28
2020-06-30 16:26:32,400,28
2020-06-30 16:26:42,401,28
2020-06-30 16:26:52,401,28
2020-06-30 16:27:02,399,28
2020-06-30 16:27:12,397,28
2020-06-30 16:27:22,398,28
2020-06-30 16:27:32,400,28
2020-06-30 16:27:42,400,28
2020-06-30 16:27:52,399,28
2020-06-30 16:28:02,400,28
2020-06-30 16:28:12,398,28
2020-06-30 16:28:22,397,28
2020-06-30 16:28:32,400,28
2020-06-30 16:28:42,400,28
2020-06-30 16:28:52,400,28
2020-06-30 16:29:02,399,28
2020-06-30 16:29:12,399,28
2020-06-30 16:29:22,400,28
2020-06-30 16:29:32,398,28
2020-06-30 16:29:42,394,28
2020-06-30 16:29:52,392,28
2020-06-30 16:30:02,393,28
2020-06-30 16:30:12,394,28
2020-06-30 16:30:22,394,28
2020-06-30 16:30:32,392,28
2020-06-30 16:30:42,391,28
2020-06-30 16:30:52,394,28
2020-06-30 16:31:02,398,28
2020-06-30 16:31:12,400,28
2020-06-30 16:31:22,402,28
2020-06-30 16:31:32,403,28
2020-06-30 16:31:42,403,28
2020-06-30 16:31:52,403,28
2020-06-30 16:32:02,403,28
2020-06-30 16:32:12,403,28
2020-06-30 16:32:22,403,28
2020-06-30 16:32:32,402,28
2020-06-30 16:32:42,401,28
2020-06-30 16:32:52,402,28
2020-06-30 16:33:02,403,28
2020-06-30 16:33:12,403,28
2020-06-30 16:33:22,402,28
2020-06-30 16:33:32,402,28
2020-06-30 16:33:42,402,28
2020-06-30 16:33:52,402,28
2020-06-30 16:34:02,402,28
2020-06-30 19:42:32,410,23
2020-06-30 19:42:42,410,24
2020-06-30 19:42:52,410,24
2020-06-30 19:43:02,410,24
2020-06-30 19:43:12,410,24
2020-06-30 19:43:22,410,24
2020-06-30 19:43:32,442,24
2020-06-30 19:43:42,443,24
2020-06-30 19:43:52,450,25
2020-06-30 19:44:02,454,25
2020-06-30 19:44:12,455,25
2020-06-30 19:44:22,457,25
2020-06-30 19:44:32,459,25
2020-06-30 19:44:42,461,25
2020-06-30 19:44:52,463,25
2020-06-30 19:45:02,464,25
2020-06-30 19:45:12,465,25
2020-06-30 19:45:22,466,25
2020-06-30 19:45:32,467,25
2020-06-30 19:45:42,467,25
2020-06-30 19:45:52,466,25
2020-06-30 19:46:02,465,25
2020-06-30 19:46:12,462,25
2020-06-30 19:46:22,458,26
2020-06-30 19:46:32,454,26
2020-06-30 19:46:42,451,26
2020-06-30 19:46:52,451,26
2020-06-30 19:47:02,450,26
2020-06-30 19:47:12,446,26
2020-06-30 19:47:22,442,26
2020-06-30 19:47:32,441,26
2020-06-30 19:47:42,439,26
2020-06-30 19:47:52,437,26
2020-06-30 19:48:02,437,26
2020-06-30 19:48:12,437,26
2020-06-30 19:48:22,436,26
2020-06-30 19:48:32,435,26
2020-06-30 19:48:42,433,26
2020-06-30 19:48:52,433,26
2020-06-30 19:49:02,436,26
2020-06-30 19:49:12,435,26
2020-06-30 19:49:22,431,26
2020-06-30 19:49:32,428,26
2020-06-30 19:49:42,427,26
2020-06-30 19:49:52,428,26
2020-06-30 19:50:02,426,26
2020-06-30 19:50:12,424,26
2020-06-30 19:50:22,422,26
2020-06-30 19:50:32,421,26
2020-06-30 19:50:42,420,26
2020-06-30 19:50:52,421,26
2020-06-30 19:51:02,424,26
2020-06-30 19:51:12,428,26
2020-06-30 19:51:22,429,26
2020-06-30 19:51:32,428,26
2020-06-30 19:51:42,428,26
2020-06-30 19:51:52,426,26
2020-06-30 19:52:02,426,26
2020-06-30 19:52:12,424,26
2020-06-30 19:52:22,418,26
2020-06-30 19:52:32,416,26
2020-06-30 19:52:42,416,26
2020-06-30 19:52:52,419,26
2020-06-30 19:53:02,424,26
2020-06-30 19:53:12,428,26
2020-06-30 19:53:22,427,26
2020-06-30 19:53:32,423,26
2020-06-30 19:53:42,421,26
2020-06-30 19:53:52,421,26
2020-06-30 19:54:02,421,26
2020-06-30 19:54:12,421,26
2020-06-30 19:54:22,424,26
2020-06-30 19:54:32,424,26
2020-06-30 19:54:42,421,26
2020-06-30 19:54:52,419,26
2020-06-30 19:55:02,419,26
2020-06-30 19:55:12,420,26
2020-06-30 19:55:22,419,26
2020-06-30 19:55:32,418,26
2020-06-30 19:55:42,416,26
2020-06-30 19:55:52,413,26
2020-06-30 19:56:02,412,26
2020-06-30 19:56:12,414,26
2020-06-30 19:56:22,413,26
2020-06-30 19:56:32,412,26
2020-06-30 19:56:42,413,26
2020-06-30 19:56:52,415,26
2020-06-30 19:57:02,415,26
2020-06-30 19:57:12,414,26
2020-06-30 20:08:34,410,24
2020-06-30 20:08:44,410,24
