DATE;VALUE;TYPE;DIR
01.01.14;14631.27;CL2;LC
01.02.14;13062.56;CL2;LC
01.03.14;13351.31;CL2;LC
01.04.14;11507.66;CL2;LC
01.05.14;11173.28;CL2;LC
01.06.14;11275.06;CL2;LC
01.07.14;12445.22;CL2;LC
01.08.14;13419.92;CL2;LC
01.09.14;14920.19;CL2;LC
01.10.14;15638.46;CL2;LC
01.11.14;16041.50;CL2;LC
01.12.14;16991.66;CL2;LC
01.01.15;16045.85;CL2;LC
01.02.15;14347.72;CL2;LC
01.03.15;13878.03;CL2;LC
01.04.15;13676.20;CL2;LC
01.05.15;12908.18;CL2;LC
01.06.15;11540.12;CL2;LC
01.07.15;12077.15;CL2;LC
01.08.15;13444.67;CL2;LC
01.09.15;14394.59;CL2;LC
01.10.15;15757.34;CL2;LC
01.11.15;16615.62;CL2;LC
01.12.15;17525.34;CL2;LC
01.01.16;16220.24;CL2;LC
01.02.16;14833.74;CL2;LC
01.03.16;15044.28;CL2;LC
01.04.16;13183.34;CL2;LC
01.05.16;12805.62;CL2;LC
01.06.16;12021.07;CL2;LC
01.07.16;11965.17;CL2;LC
01.08.16;12395.35;CL2;LC
01.09.16;12925.45;CL2;LC
01.10.16;13769.09;CL2;LC
01.11.16;14931.31;CL2;LC
01.12.16;16750.85;CL2;LC
01.01.17;16406.96;CL2;LC
01.02.17;14678.95;CL2;LC
01.03.17;15027.56;CL2;LC
01.04.17;13391.35;CL2;LC
01.05.17;13052.00;CL2;LC
01.06.17;11800.53;CL2;LC
01.07.17;12309.46;CL2;LC
01.08.17;12614.44;CL2;LC
01.01.14;757.93;CL1;LC
01.02.14;679.87;CL1;LC
01.03.14;742.23;CL1;LC
01.04.14;719.18;CL1;LC
01.05.14;795.52;CL1;LC
01.06.14;763.41;CL1;LC
01.07.14;762.43;CL1;LC
01.08.14;726.77;CL1;LC
01.09.14;738.93;CL1;LC
01.10.14;779.29;CL1;LC
01.11.14;753.87;CL1;LC
01.12.14;814.88;CL1;LC
01.01.15;697.30;CL1;LC
01.02.15;629.87;CL1;LC
01.03.15;665.74;CL1;LC
01.04.15;683.40;CL1;LC
01.05.15;743.98;CL1;LC
01.06.15;711.16;CL1;LC
01.07.15;746.79;CL1;LC
01.08.15;771.07;CL1;LC
01.09.15;726.87;CL1;LC
01.10.15;722.36;CL1;LC
01.11.15;677.52;CL1;LC
01.12.15;696.64;CL1;LC
01.01.16;634.31;CL1;LC
01.02.16;683.31;CL1;LC
01.03.16;730.88;CL1;LC
01.04.16;745.05;CL1;LC
01.05.16;789.65;CL1;LC
01.06.16;748.29;CL1;LC
01.07.16;775.37;CL1;LC
01.08.16;788.41;CL1;LC
01.09.16;695.76;CL1;LC
01.10.16;722.69;CL1;LC
01.11.16;718.48;CL1;LC
01.12.16;802.91;CL1;LC
01.01.17;749.78;CL1;LC
01.02.17;681.60;CL1;LC
01.03.17;754.09;CL1;LC
01.04.17;751.13;CL1;LC
01.05.17;679.01;CL1;LC
01.06.17;670.03;CL1;LC
01.07.17;705.10;CL1;LC
01.08.17;729.23;CL1;LC
01.01.14;1200.07;WD;LC
01.02.14;1347.90;WD;LC
01.03.14;1528.09;WD;LC
01.04.14;1513.02;WD;LC
01.05.14;1230.81;WD;LC
01.06.14;1203.48;WD;LC
01.07.14;1300.16;WD;LC
01.08.14;1275.83;WD;LC
01.09.14;1214.76;WD;LC
01.10.14;1142.65;WD;LC
01.11.14;1090.38;WD;LC
01.12.14;1332.28;WD;LC
01.01.15;1290.68;WD;LC
01.02.15;1381.59;WD;LC
01.03.15;1637.49;WD;LC
01.04.15;1568.23;WD;LC
01.05.15;1241.83;WD;LC
01.06.15;1306.60;WD;LC
01.07.15;1362.30;WD;LC
01.08.15;1255.88;WD;LC
01.09.15;1197.80;WD;LC
01.10.15;1122.03;WD;LC
01.11.15;1079.37;WD;LC
01.12.15;1356.15;WD;LC
01.01.16;1260.57;WD;LC
01.02.16;1500.17;WD;LC
01.03.16;1688.88;WD;LC
01.04.16;1652.39;WD;LC
01.05.16;1389.91;WD;LC
01.06.16;1372.22;WD;LC
01.07.16;1371.54;WD;LC
01.08.16;1425.54;WD;LC
01.09.16;1317.76;WD;LC
01.10.16;1256.68;WD;LC
01.11.16;1314.20;WD;LC
01.12.16;1524.61;WD;LC
01.01.17;1387.77;WD;LC
01.02.17;1455.48;WD;LC
01.03.17;1737.87;WD;LC
01.04.17;1755.29;WD;LC
01.05.17;1599.97;WD;LC
01.06.17;1478.12;WD;LC
01.07.17;1434.04;WD;LC
01.08.17;1389.04;WD;LC
01.01.14;12893.08;MIN;LC
01.02.14;13977.84;MIN;LC
01.03.14;17779.85;MIN;LC
01.04.14;20262.52;MIN;LC
01.05.14;22691.69;MIN;LC
01.06.14;21561.96;MIN;LC
01.07.14;22244.37;MIN;LC
01.08.14;21885.60;MIN;LC
01.09.14;21198.67;MIN;LC
01.10.14;20204.14;MIN;LC
01.11.14;15540.16;MIN;LC
01.12.14;14058.62;MIN;LC
01.01.15;9963.79;MIN;LC
01.02.15;11762.39;MIN;LC
01.03.15;15219.15;MIN;LC
01.04.15;16843.39;MIN;LC
01.05.15;19146.56;MIN;LC
01.06.15;19198.16;MIN;LC
01.07.15;20656.43;MIN;LC
01.08.15;20914.19;MIN;LC
01.09.15;21158.98;MIN;LC
01.10.15;20608.64;MIN;LC
01.11.15;16360.69;MIN;LC
01.12.15;13892.20;MIN;LC
01.01.16;10483.61;MIN;LC
01.02.16;13963.18;MIN;LC
01.03.16;16990.95;MIN;LC
01.04.16;18842.62;MIN;LC
01.05.16;20763.98;MIN;LC
01.06.16;21617.86;MIN;LC
01.07.16;22699.54;MIN;LC
01.08.16;22713.35;MIN;LC
01.09.16;20581.90;MIN;LC
01.10.16;18547.70;MIN;LC
01.11.16;14805.88;MIN;LC
01.12.16;12986.86;MIN;LC
01.01.17;11434.97;MIN;LC
01.02.17;13060.06;MIN;LC
01.03.17;17293.58;MIN;LC
01.04.17;18943.86;MIN;LC
01.05.17;20909.88;MIN;LC
01.06.17;20820.98;MIN;LC
01.07.17;21398.32;MIN;LC
01.08.17;21272.63;MIN;LC
01.01.14;11444.88;PTR;LC
01.02.14;10798.13;PTR;LC
01.03.14;11890.93;PTR;LC
01.04.14;11206.78;PTR;LC
01.05.14;11872.41;PTR;LC
01.06.14;11956.02;PTR;LC
01.07.14;12347.87;PTR;LC
01.08.14;13147.87;PTR;LC
01.09.14;12680.75;PTR;LC
01.10.14;12253.63;PTR;LC
01.11.14;12418.41;PTR;LC
01.12.14;12582.43;PTR;LC
01.01.15;11707.77;PTR;LC
01.02.15;10357.47;PTR;LC
01.03.15;11367.71;PTR;LC
01.04.15;11545.69;PTR;LC
01.05.15;10926.66;PTR;LC
01.06.15;11518.16;PTR;LC
01.07.15;12261.41;PTR;LC
01.08.15;12609.27;PTR;LC
01.09.15;11200.21;PTR;LC
01.10.15;11118.00;PTR;LC
01.11.15;11434.10;PTR;LC
01.12.15;12051.42;PTR;LC
01.01.16;11152.59;PTR;LC
01.02.16;11209.22;PTR;LC
01.03.16;11500.71;PTR;LC
01.04.16;10671.74;PTR;LC
01.05.16;10462.28;PTR;LC
01.06.16;10818.08;PTR;LC
01.07.16;12213.11;PTR;LC
01.08.16;12042.67;PTR;LC
01.09.16;10739.58;PTR;LC
01.10.16;11227.67;PTR;LC
01.11.16;11281.18;PTR;LC
01.12.16;12001.22;PTR;LC
01.01.17;11561.33;PTR;LC
01.02.17;10767.80;PTR;LC
01.03.17;11843.20;PTR;LC
01.04.17;11311.36;PTR;LC
01.05.17;10828.86;PTR;LC
01.06.17;11727.65;PTR;LC
01.07.17;12488.15;PTR;LC
01.08.17;12303.77;PTR;LC
01.01.14;8308.34;ORE;LC
01.02.14;7632.94;ORE;LC
01.03.14;8381.03;ORE;LC
01.04.14;8337.40;ORE;LC
01.05.14;8431.92;ORE;LC
01.06.14;8558.74;ORE;LC
01.07.14;8567.85;ORE;LC
01.08.14;8557.58;ORE;LC
01.09.14;8543.36;ORE;LC
01.10.14;8838.62;ORE;LC
01.11.14;8293.38;ORE;LC
01.12.14;8419.53;ORE;LC
01.01.15;8448.02;ORE;LC
01.02.15;7774.31;ORE;LC
01.03.15;8705.60;ORE;LC
01.04.15;9258.73;ORE;LC
01.05.15;8845.94;ORE;LC
01.06.15;8372.32;ORE;LC
01.07.15;8965.50;ORE;LC
01.08.15;9193.39;ORE;LC
01.09.15;9130.75;ORE;LC
01.10.15;9328.50;ORE;LC
01.11.15;8698.81;ORE;LC
01.12.15;9182.56;ORE;LC
01.01.16;8478.03;ORE;LC
01.02.16;8227.64;ORE;LC
01.03.16;8733.50;ORE;LC
01.04.16;8646.67;ORE;LC
01.05.16;9248.75;ORE;LC
01.06.16;8965.58;ORE;LC
01.07.16;9089.70;ORE;LC
01.08.16;9296.48;ORE;LC
01.09.16;9109.75;ORE;LC
01.10.16;8889.30;ORE;LC
01.11.16;8473.16;ORE;LC
01.12.16;8774.52;ORE;LC
01.01.17;8530.90;ORE;LC
01.02.17;7955.46;ORE;LC
01.03.17;9012.42;ORE;LC
01.04.17;9030.54;ORE;LC
01.05.17;9690.15;ORE;LC
01.06.17;9219.20;ORE;LC
01.07.17;9209.79;ORE;LC
01.08.17;9510.93;ORE;LC
01.01.14;1406.50;FRT;LC
01.02.14;1463.94;FRT;LC
01.03.14;1668.59;FRT;LC
01.04.14;1539.73;FRT;LC
01.05.14;1292.12;FRT;LC
01.06.14;1323.90;FRT;LC
01.07.14;1341.84;FRT;LC
01.08.14;1551.26;FRT;LC
01.09.14;1326.58;FRT;LC
01.10.14;1307.58;FRT;LC
01.11.14;1436.72;FRT;LC
01.12.14;1534.54;FRT;LC
01.01.15;1582.67;FRT;LC
01.02.15;1492.02;FRT;LC
01.03.15;1707.10;FRT;LC
01.04.15;1792.09;FRT;LC
01.05.15;1473.57;FRT;LC
01.06.15;1417.13;FRT;LC
01.07.15;1596.44;FRT;LC
01.08.15;1697.28;FRT;LC
01.09.15;1420.66;FRT;LC
01.10.15;1466.04;FRT;LC
01.11.15;1537.34;FRT;LC
01.12.15;1765.67;FRT;LC
01.01.16;1796.61;FRT;LC
01.02.16;1790.20;FRT;LC
01.03.16;1878.74;FRT;LC
01.04.16;1727.03;FRT;LC
01.05.16;1580.57;FRT;LC
01.06.16;1604.35;FRT;LC
01.07.16;1676.02;FRT;LC
01.08.16;1874.55;FRT;LC
01.09.16;1603.11;FRT;LC
01.10.16;1639.83;FRT;LC
01.11.16;1712.63;FRT;LC
01.12.16;1947.14;FRT;LC
01.01.17;1905.55;FRT;LC
01.02.17;1725.16;FRT;LC
01.03.17;1966.66;FRT;LC
01.04.17;1902.03;FRT;LC
01.05.17;1858.69;FRT;LC
01.06.17;1822.80;FRT;LC
01.07.17;1909.18;FRT;LC
01.08.17;1958.37;FRT;LC
01.01.14;704.51;BRD;LC
01.02.14;812.58;BRD;LC
01.03.14;828.53;BRD;LC
01.04.14;962.94;BRD;LC
01.05.14;893.95;BRD;LC
01.06.14;683.98;BRD;LC
01.07.14;742.82;BRD;LC
01.08.14;785.54;BRD;LC
01.09.14;1000.34;BRD;LC
01.10.14;1184.13;BRD;LC
01.11.14;1003.83;BRD;LC
01.12.14;1199.31;BRD;LC
01.01.15;771.02;BRD;LC
01.02.15;1019.97;BRD;LC
01.03.15;1078.16;BRD;LC
01.04.15;929.70;BRD;LC
01.05.15;786.91;BRD;LC
01.06.15;863.26;BRD;LC
01.07.15;772.99;BRD;LC
01.08.15;849.32;BRD;LC
01.09.15;1141.70;BRD;LC
01.10.15;1302.83;BRD;LC
01.11.15;1226.05;BRD;LC
01.12.15;1335.56;BRD;LC
01.01.16;789.83;BRD;LC
01.02.16;1092.99;BRD;LC
01.03.16;1139.07;BRD;LC
01.04.16;1089.58;BRD;LC
01.05.16;857.41;BRD;LC
01.06.16;840.71;BRD;LC
01.07.16;859.76;BRD;LC
01.08.16;1050.40;BRD;LC
01.09.16;1233.44;BRD;LC
01.10.16;1395.86;BRD;LC
01.11.16;1299.89;BRD;LC
01.12.16;1273.48;BRD;LC
01.01.17;865.03;BRD;LC
01.02.17;943.23;BRD;LC
01.03.17;1098.16;BRD;LC
01.04.17;1068.83;BRD;LC
01.05.17;1024.10;BRD;LC
01.06.17;1006.15;BRD;LC
01.07.17;861.03;BRD;LC
01.08.17;993.10;BRD;LC
01.01.14;3347.57;MTL;LC
01.02.14;3356.96;MTL;LC
01.03.14;4067.43;MTL;LC
01.04.14;4219.87;MTL;LC
01.05.14;4546.88;MTL;LC
01.06.14;4481.42;MTL;LC
01.07.14;4394.72;MTL;LC
01.08.14;4666.61;MTL;LC
01.09.14;4247.00;MTL;LC
01.10.14;4208.27;MTL;LC
01.11.14;3903.52;MTL;LC
01.12.14;3834.63;MTL;LC
01.01.15;3554.54;MTL;LC
01.02.15;3422.41;MTL;LC
01.03.15;3818.44;MTL;LC
01.04.15;3660.85;MTL;LC
01.05.15;3833.79;MTL;LC
01.06.15;3887.60;MTL;LC
01.07.15;4108.17;MTL;LC
01.08.15;4166.33;MTL;LC
01.09.15;3743.58;MTL;LC
01.10.15;3889.74;MTL;LC
01.11.15;3495.21;MTL;LC
01.12.15;3291.21;MTL;LC
01.01.16;3051.01;MTL;LC
01.02.16;3279.68;MTL;LC
01.03.16;3560.28;MTL;LC
01.04.16;3931.28;MTL;LC
01.05.16;3922.61;MTL;LC
01.06.16;3624.89;MTL;LC
01.07.16;3647.39;MTL;LC
01.08.16;3640.07;MTL;LC
01.09.16;3561.21;MTL;LC
01.10.16;3659.20;MTL;LC
01.11.16;3554.26;MTL;LC
01.12.16;3565.36;MTL;LC
01.01.17;3303.25;MTL;LC
01.02.17;3218.36;MTL;LC
01.03.17;3594.43;MTL;LC
01.04.17;3733.47;MTL;LC
01.05.17;3976.51;MTL;LC
01.06.17;3975.05;MTL;LC
01.07.17;4305.89;MTL;LC
01.08.17;4519.59;MTL;LC
01.01.14;197.72;CL1;EX
01.02.14;179.22;CL1;EX
01.03.14;238.08;CL1;EX
01.04.14;166.56;CL1;EX
01.05.14;186.08;CL1;EX
01.06.14;166.18;CL1;EX
01.07.14;177.3;CL1;EX
01.08.14;277.85;CL1;EX
01.09.14;327.11;CL1;EX
01.10.14;272.56;CL1;EX
01.11.14;235.67;CL1;EX
01.12.14;171.92;CL1;EX
01.01.15;210.6;CL1;EX
01.02.15;209.58;CL1;EX
01.03.15;324.09;CL1;EX
01.04.15;253.83;CL1;EX
01.05.15;193.59;CL1;EX
01.06.15;211.62;CL1;EX
01.07.15;198.91;CL1;EX
01.08.15;185.17;CL1;EX
01.09.15;180.62;CL1;EX
01.10.15;173.63;CL1;EX
01.11.15;195.1;CL1;EX
01.12.15;156.9;CL1;EX
01.01.16;161.61;CL1;EX
01.02.16;192.64;CL1;EX
01.03.16;230.39;CL1;EX
01.04.16;199.69;CL1;EX
01.05.16;214.21;CL1;EX
01.06.16;246.46;CL1;EX
01.07.16;252.32;CL1;EX
01.08.16;289.51;CL1;EX
01.09.16;327.62;CL1;EX
01.10.16;268.79;CL1;EX
01.11.16;253.65;CL1;EX
01.12.16;203.34;CL1;EX
01.01.17;188.42;CL1;EX
01.02.17;179.16;CL1;EX
01.03.17;212.51;CL1;EX
01.04.17;214.74;CL1;EX
01.05.17;275.75;CL1;EX
01.06.17;226.42;CL1;EX
01.07.17;254.33;CL1;EX
01.08.17;249.73;CL1;EX
01.01.14;1753.05;WD;EX
01.02.14;2013.06;WD;EX
01.03.14;2362.02;WD;EX
01.04.14;2401.04;WD;EX
01.05.14;2087.33;WD;EX
01.06.14;2017.97;WD;EX
01.07.14;2101.09;WD;EX
01.08.14;1987.16;WD;EX
01.09.14;1964.66;WD;EX
01.10.14;2010.77;WD;EX
01.11.14;2030.29;WD;EX
01.12.14;2242.86;WD;EX
01.01.15;1828.29;WD;EX
01.02.15;1933.94;WD;EX
01.03.15;2401.53;WD;EX
01.04.15;2338.52;WD;EX
01.05.15;2136.12;WD;EX
01.06.15;2131.68;WD;EX
01.07.15;2069.13;WD;EX
01.08.15;2051.39;WD;EX
01.09.15;2007.2;WD;EX
01.10.15;2144.42;WD;EX
01.11.15;2023.88;WD;EX
01.12.15;2420.42;WD;EX
01.01.16;1828.79;WD;EX
01.02.16;2072.72;WD;EX
01.03.16;2640.47;WD;EX
01.04.16;2712.92;WD;EX
01.05.16;2667.74;WD;EX
01.06.16;2513.35;WD;EX
01.07.16;2416.02;WD;EX
01.08.16;2363.74;WD;EX
01.09.16;2151.75;WD;EX
01.10.16;2067.28;WD;EX
01.11.16;2263.33;WD;EX
01.12.16;2508.07;WD;EX
01.01.17;2090.47;WD;EX
01.02.17;2309.15;WD;EX
01.03.17;2661.96;WD;EX
01.04.17;2778.28;WD;EX
01.05.17;2792.89;WD;EX
01.06.17;2654.6;WD;EX
01.07.17;2491.36;WD;EX
01.08.17;2517.02;WD;EX
01.01.14;396.89;MIN;EX
01.02.14;430.88;MIN;EX
01.03.14;414.77;MIN;EX
01.04.14;398.58;MIN;EX
01.05.14;418.38;MIN;EX
01.06.14;459.26;MIN;EX
01.07.14;477.85;MIN;EX
01.08.14;462.07;MIN;EX
01.09.14;462.38;MIN;EX
01.10.14;437.95;MIN;EX
01.11.14;364.69;MIN;EX
01.12.14;351.22;MIN;EX
01.01.15;354.21;MIN;EX
01.02.15;445.79;MIN;EX
01.03.15;459.35;MIN;EX
01.04.15;451.48;MIN;EX
01.05.15;431.27;MIN;EX
01.06.15;507.35;MIN;EX
01.07.15;568.65;MIN;EX
01.08.15;571.44;MIN;EX
01.09.15;520.02;MIN;EX
01.10.15;477.5;MIN;EX
01.11.15;391.65;MIN;EX
01.12.15;322.66;MIN;EX
01.01.16;174.39;MIN;EX
01.02.16;249.93;MIN;EX
01.03.16;364.35;MIN;EX
01.04.16;412.29;MIN;EX
01.05.16;482.56;MIN;EX
01.06.16;484.72;MIN;EX
01.07.16;510.77;MIN;EX
01.08.16;519.5;MIN;EX
01.09.16;508.86;MIN;EX
01.10.16;567.43;MIN;EX
01.11.16;557.19;MIN;EX
01.12.16;395.69;MIN;EX
01.01.17;252.62;MIN;EX
01.02.17;333.83;MIN;EX
01.03.17;480.1;MIN;EX
01.04.17;501.84;MIN;EX
01.05.17;586.83;MIN;EX
01.06.17;608.72;MIN;EX
01.07.17;664.1;MIN;EX
01.08.17;564.43;MIN;EX
01.01.14;11222.99;PTR;EX
01.02.14;10178.89;PTR;EX
01.03.14;11075.36;PTR;EX
01.04.14;9570.92;PTR;EX
01.05.14;9122.14;PTR;EX
01.06.14;8650.13;PTR;EX
01.07.14;8744.26;PTR;EX
01.08.14;8334.53;PTR;EX
01.09.14;7808.62;PTR;EX
01.10.14;8987.62;PTR;EX
01.11.14;9732.92;PTR;EX
01.12.14;10384.13;PTR;EX
01.01.15;10768.99;PTR;EX
01.02.15;10239.72;PTR;EX
01.03.15;11382.76;PTR;EX
01.04.15;9340.79;PTR;EX
01.05.15;9571.57;PTR;EX
01.06.15;8691.15;PTR;EX
01.07.15;9070.59;PTR;EX
01.08.15;8817.08;PTR;EX
01.09.15;8347.53;PTR;EX
01.10.15;8345.81;PTR;EX
01.11.15;9594.72;PTR;EX
01.12.15;10390.67;PTR;EX
01.01.16;9916.74;PTR;EX
01.02.16;8806.36;PTR;EX
01.03.16;9285.17;PTR;EX
01.04.16;7995.09;PTR;EX
01.05.16;7952.32;PTR;EX
01.06.16;8267.02;PTR;EX
01.07.16;8274.96;PTR;EX
01.08.16;8386;PTR;EX
01.09.16;7786.14;PTR;EX
01.10.16;8718.2;PTR;EX
01.11.16;9205.3;PTR;EX
01.12.16;10136.45;PTR;EX
01.01.17;10014.14;PTR;EX
01.02.17;8832.97;PTR;EX
01.03.17;9214.89;PTR;EX
01.04.17;8254.06;PTR;EX
01.05.17;7991.88;PTR;EX
01.06.17;7405.56;PTR;EX
01.07.17;7525.82;PTR;EX
01.08.17;7462.83;PTR;EX
01.01.14;2106.61;ORE;EX
01.02.14;2047.92;ORE;EX
01.03.14;2295.72;ORE;EX
01.04.14;2134.81;ORE;EX
01.05.14;2386.51;ORE;EX
01.06.14;2346.66;ORE;EX
01.07.14;1784.68;ORE;EX
01.08.14;2052.61;ORE;EX
01.09.14;2121.93;ORE;EX
01.10.14;2319.2;ORE;EX
01.11.14;2306.19;ORE;EX
01.12.14;1960.63;ORE;EX
01.01.15;2216.24;ORE;EX
01.02.15;1834.32;ORE;EX
01.03.15;2004.1;ORE;EX
01.04.15;2058.06;ORE;EX
01.05.15;1862.05;ORE;EX
01.06.15;1978.17;ORE;EX
01.07.15;1738.3;ORE;EX
01.08.15;1641.84;ORE;EX
01.09.15;1681.47;ORE;EX
01.10.15;1752.1;ORE;EX
01.11.15;1927.84;ORE;EX
01.12.15;1654.03;ORE;EX
01.01.16;2079.5;ORE;EX
01.02.16;1704.18;ORE;EX
01.03.16;2136.21;ORE;EX
01.04.16;2336.51;ORE;EX
01.05.16;2343.15;ORE;EX
01.06.16;2076.39;ORE;EX
01.07.16;1857.9;ORE;EX
01.08.16;1908.99;ORE;EX
01.09.16;2200.1;ORE;EX
01.10.16;1955.36;ORE;EX
01.11.16;2017.57;ORE;EX
01.12.16;2015.6;ORE;EX
01.01.17;1932.63;ORE;EX
01.02.17;1762.58;ORE;EX
01.03.17;2345.96;ORE;EX
01.04.17;1788.3;ORE;EX
01.05.17;1633.42;ORE;EX
01.06.17;2035.22;ORE;EX
01.07.17;1794.45;ORE;EX
01.08.17;1772.92;ORE;EX
01.01.14;12413.08;CL2;EX
01.02.14;11267.86;CL2;EX
01.03.14;12527.36;CL2;EX
01.04.14;12814.86;CL2;EX
01.05.14;13461.04;CL2;EX
01.06.14;13042.33;CL2;EX
01.07.14;12865.76;CL2;EX
01.08.14;12660.27;CL2;EX
01.09.14;12210.84;CL2;EX
01.10.14;12704.76;CL2;EX
01.11.14;12568.25;CL2;EX
01.12.14;11953.82;CL2;EX
01.01.15;11733.38;CL2;EX
01.02.15;11255.07;CL2;EX
01.03.15;12992.75;CL2;EX
01.04.15;11727.2;CL2;EX
01.05.15;12708.94;CL2;EX
01.06.15;12622.86;CL2;EX
01.07.15;13069.55;CL2;EX
01.08.15;12929.34;CL2;EX
01.09.15;12686.32;CL2;EX
01.10.15;13548.43;CL2;EX
01.11.15;12948.4;CL2;EX
01.12.15;13092.83;CL2;EX
01.01.16;12570.08;CL2;EX
01.02.16;12032.07;CL2;EX
01.03.16;13246.37;CL2;EX
01.04.16;13374.74;CL2;EX
01.05.16;14076.72;CL2;EX
01.06.16;13911.52;CL2;EX
01.07.16;13875.05;CL2;EX
01.08.16;14173.53;CL2;EX
01.09.16;14075.96;CL2;EX
01.10.16;14635.89;CL2;EX
01.11.16;14545.28;CL2;EX
01.12.16;14692.98;CL2;EX
01.01.17;15414.82;CL2;EX
01.02.17;14379.04;CL2;EX
01.03.17;16205.84;CL2;EX
01.04.17;15718.74;CL2;EX
01.05.17;16597.64;CL2;EX
01.06.17;16604.11;CL2;EX
01.07.17;16732.1;CL2;EX
01.08.17;16199.55;CL2;EX
01.01.14;3047.74;FRT;EX
01.02.14;2703.86;FRT;EX
01.03.14;2831.02;FRT;EX
01.04.14;2727.45;FRT;EX
01.05.14;2775.42;FRT;EX
01.06.14;2679;FRT;EX
01.07.14;2744.7;FRT;EX
01.08.14;2524.68;FRT;EX
01.09.14;2565.51;FRT;EX
01.10.14;2685.32;FRT;EX
01.11.14;2629.09;FRT;EX
01.12.14;2594.72;FRT;EX
01.01.15;2715.84;FRT;EX
01.02.15;2527.26;FRT;EX
01.03.15;2746.25;FRT;EX
01.04.15;2395.59;FRT;EX
01.05.15;2787.95;FRT;EX
01.06.15;2664.29;FRT;EX
01.07.15;2757.32;FRT;EX
01.08.15;2580.88;FRT;EX
01.09.15;2602.78;FRT;EX
01.10.15;2771.62;FRT;EX
01.11.15;2823.68;FRT;EX
01.12.15;2903.22;FRT;EX
01.01.16;2835.03;FRT;EX
01.02.16;2560.72;FRT;EX
01.03.16;2808.95;FRT;EX
01.04.16;2654.84;FRT;EX
01.05.16;2662.28;FRT;EX
01.06.16;2594.54;FRT;EX
01.07.16;2656.65;FRT;EX
01.08.16;2651.3;FRT;EX
01.09.16;2822.31;FRT;EX
01.10.16;2964.72;FRT;EX
01.11.16;3085.26;FRT;EX
01.12.16;3178.05;FRT;EX
01.01.17;3114.93;FRT;EX
01.02.17;2908.6;FRT;EX
01.03.17;3109.78;FRT;EX
01.04.17;2867.09;FRT;EX
01.05.17;2974.9;FRT;EX
01.06.17;2940.75;FRT;EX
01.07.17;2912.98;FRT;EX
01.08.17;2911.43;FRT;EX
01.01.14;459.37;BRD;EX
01.02.14;725.67;BRD;EX
01.03.14;603.97;BRD;EX
01.04.14;764.49;BRD;EX
01.05.14;356.67;BRD;EX
01.06.14;96.74;BRD;EX
01.07.14;585.65;BRD;EX
01.08.14;1198.29;BRD;EX
01.09.14;1176.66;BRD;EX
01.10.14;1325.32;BRD;EX
01.11.14;1359.36;BRD;EX
01.12.14;1100.73;BRD;EX
01.01.15;926.94;BRD;EX
01.02.15;641.78;BRD;EX
01.03.15;680.41;BRD;EX
01.04.15;472.9;BRD;EX
01.05.15;384.23;BRD;EX
01.06.15;389.23;BRD;EX
01.07.15;474.78;BRD;EX
01.08.15;1058.8;BRD;EX
01.09.15;956.51;BRD;EX
01.10.15;1078.63;BRD;EX
01.11.15;1030.34;BRD;EX
01.12.15;1064.5;BRD;EX
01.01.16;749.35;BRD;EX
01.02.16;957.3;BRD;EX
01.03.16;993.68;BRD;EX
01.04.16;769.2;BRD;EX
01.05.16;417.4;BRD;EX
01.06.16;188.39;BRD;EX
01.07.16;439.92;BRD;EX
01.08.16;847.4;BRD;EX
01.09.16;908.17;BRD;EX
01.10.16;803.19;BRD;EX
01.11.16;1046.62;BRD;EX
01.12.16;1168.16;BRD;EX
01.01.17;926.47;BRD;EX
01.02.17;893.26;BRD;EX
01.03.17;1039.36;BRD;EX
01.04.17;863.15;BRD;EX
01.05.17;624.19;BRD;EX
01.06.17;406.64;BRD;EX
01.07.17;618.25;BRD;EX
01.08.17;1233.38;BRD;EX
01.01.14;2615.3;MTL;EX
01.02.14;2536.94;MTL;EX
01.03.14;2530.08;MTL;EX
01.04.14;2355.08;MTL;EX
01.05.14;2233.58;MTL;EX
01.06.14;2237.66;MTL;EX
01.07.14;2339.71;MTL;EX
01.08.14;2275.76;MTL;EX
01.09.14;2294.58;MTL;EX
01.10.14;2426.07;MTL;EX
01.11.14;2599.62;MTL;EX
01.12.14;2911.4;MTL;EX
01.01.15;2883.91;MTL;EX
01.02.15;2663.16;MTL;EX
01.03.15;2819.09;MTL;EX
01.04.15;2674.89;MTL;EX
01.05.15;2747.38;MTL;EX
01.06.15;2338.68;MTL;EX
01.07.15;2262.29;MTL;EX
01.08.15;2443.27;MTL;EX
01.09.15;2479.16;MTL;EX
01.10.15;2451.5;MTL;EX
01.11.15;2523.55;MTL;EX
01.12.15;2904.83;MTL;EX
01.01.16;2681.37;MTL;EX
01.02.16;2731.81;MTL;EX
01.03.16;3288.61;MTL;EX
01.04.16;2616.98;MTL;EX
01.05.16;2624.71;MTL;EX
01.06.16;2591.2;MTL;EX
01.07.16;2682.99;MTL;EX
01.08.16;2683.12;MTL;EX
01.09.16;2466.96;MTL;EX
01.10.16;2486.93;MTL;EX
01.11.16;2848.6;MTL;EX
01.12.16;3183.44;MTL;EX
01.01.17;2928.12;MTL;EX
01.02.17;2633.61;MTL;EX
01.03.17;3176.62;MTL;EX
01.04.17;2906.97;MTL;EX
01.05.17;2615.51;MTL;EX
01.06.17;2312.25;MTL;EX
01.07.17;2514.25;MTL;EX
01.08.17;2591.39;MTL;EX
01.01.14;18.5;CL1;IM
01.02.14;10.39;CL1;IM
01.03.14;9.01;CL1;IM
01.04.14;9.44;CL1;IM
01.05.14;10.86;CL1;IM
01.06.14;10.93;CL1;IM
01.07.14;9.59;CL1;IM
01.08.14;9.23;CL1;IM
01.09.14;12.37;CL1;IM
01.10.14;9.34;CL1;IM
01.11.14;11.97;CL1;IM
01.12.14;14.44;CL1;IM
01.01.15;6.36;CL1;IM
01.02.15;4.45;CL1;IM
01.03.15;6.02;CL1;IM
01.04.15;7.85;CL1;IM
01.05.15;10.45;CL1;IM
01.06.15;6.9;CL1;IM
01.07.15;7.64;CL1;IM
01.08.15;9.94;CL1;IM
01.09.15;6.34;CL1;IM
01.10.15;10.32;CL1;IM
01.11.15;8.39;CL1;IM
01.12.15;8.97;CL1;IM
01.01.16;5.48;CL1;IM
01.02.16;3.5;CL1;IM
01.03.16;2.68;CL1;IM
01.04.16;7.14;CL1;IM
01.05.16;7.63;CL1;IM
01.06.16;7.93;CL1;IM
01.07.16;9.36;CL1;IM
01.08.16;7.18;CL1;IM
01.09.16;7.74;CL1;IM
01.10.16;7.68;CL1;IM
01.11.16;7.37;CL1;IM
01.12.16;12.44;CL1;IM
01.01.17;5.13;CL1;IM
01.02.17;12.85;CL1;IM
01.03.17;10.72;CL1;IM
01.04.17;10.22;CL1;IM
01.05.17;9.68;CL1;IM
01.06.17;7.82;CL1;IM
01.07.17;9.31;CL1;IM
01.08.17;7.56;CL1;IM
01.01.14;18.5;WD;IM
01.02.14;10.39;WD;IM
01.03.14;9.01;WD;IM
01.04.14;9.44;WD;IM
01.05.14;10.86;WD;IM
01.06.14;10.93;WD;IM
01.07.14;9.59;WD;IM
01.08.14;9.23;WD;IM
01.09.14;12.37;WD;IM
01.10.14;9.34;WD;IM
01.11.14;11.97;WD;IM
01.12.14;14.44;WD;IM
01.01.15;6.36;WD;IM
01.02.15;4.45;WD;IM
01.03.15;6.02;WD;IM
01.04.15;7.85;WD;IM
01.05.15;10.45;WD;IM
01.06.15;6.9;WD;IM
01.07.15;7.64;WD;IM
01.08.15;9.94;WD;IM
01.09.15;6.34;WD;IM
01.10.15;10.32;WD;IM
01.11.15;8.39;WD;IM
01.12.15;8.97;WD;IM
01.01.16;5.48;WD;IM
01.02.16;3.5;WD;IM
01.03.16;2.68;WD;IM
01.04.16;7.14;WD;IM
01.05.16;7.63;WD;IM
01.06.16;7.93;WD;IM
01.07.16;9.36;WD;IM
01.08.16;7.18;WD;IM
01.09.16;7.74;WD;IM
01.10.16;7.68;WD;IM
01.11.16;7.37;WD;IM
01.12.16;12.44;WD;IM
01.01.17;5.13;WD;IM
01.02.17;12.85;WD;IM
01.03.17;10.72;WD;IM
01.04.17;10.22;WD;IM
01.05.17;9.68;WD;IM
01.06.17;7.82;WD;IM
01.07.17;9.31;WD;IM
01.08.17;7.56;WD;IM
01.01.14;1593.3;MIN;IM
01.02.14;2527.16;MIN;IM
01.03.14;3331.3;MIN;IM
01.04.14;3596.35;MIN;IM
01.05.14;3438.11;MIN;IM
01.06.14;3637.48;MIN;IM
01.07.14;3792.78;MIN;IM
01.08.14;3644.03;MIN;IM
01.09.14;3642.35;MIN;IM
01.10.14;3717.14;MIN;IM
01.11.14;2747.36;MIN;IM
01.12.14;2044.82;MIN;IM
01.01.15;1213.79;MIN;IM
01.02.15;1329.58;MIN;IM
01.03.15;1925.34;MIN;IM
01.04.15;2140.26;MIN;IM
01.05.15;2424.11;MIN;IM
01.06.15;2677.66;MIN;IM
01.07.15;2764.24;MIN;IM
01.08.15;2212;MIN;IM
01.09.15;1969.81;MIN;IM
01.10.15;2090.24;MIN;IM
01.11.15;1708.75;MIN;IM
01.12.15;1532.34;MIN;IM
01.01.16;562.91;MIN;IM
01.02.16;1037.92;MIN;IM
01.03.16;1264.66;MIN;IM
01.04.16;1860.36;MIN;IM
01.05.16;1849.76;MIN;IM
01.06.16;2066.8;MIN;IM
01.07.16;2338.68;MIN;IM
01.08.16;2377.38;MIN;IM
01.09.16;2634.5;MIN;IM
01.10.16;2278.85;MIN;IM
01.11.16;1858.75;MIN;IM
01.12.16;1427.62;MIN;IM
01.01.17;1022.74;MIN;IM
01.02.17;1603.36;MIN;IM
01.03.17;1933.36;MIN;IM
01.04.17;2135.99;MIN;IM
01.05.17;2155.75;MIN;IM
01.06.17;1935.08;MIN;IM
01.07.17;1921.58;MIN;IM
01.08.17;2021.91;MIN;IM
01.01.14;219.13;PTR;IM
01.02.14;192.43;PTR;IM
01.03.14;255.56;PTR;IM
01.04.14;249.66;PTR;IM
01.05.14;189.38;PTR;IM
01.06.14;247.47;PTR;IM
01.07.14;256.66;PTR;IM
01.08.14;225.07;PTR;IM
01.09.14;220.7;PTR;IM
01.10.14;231.98;PTR;IM
01.11.14;272.03;PTR;IM
01.12.14;244.6;PTR;IM
01.01.15;155.77;PTR;IM
01.02.15;113.19;PTR;IM
01.03.15;103.36;PTR;IM
01.04.15;175.56;PTR;IM
01.05.15;158.45;PTR;IM
01.06.15;184.92;PTR;IM
01.07.15;260.79;PTR;IM
01.08.15;244.6;PTR;IM
01.09.15;141.98;PTR;IM
01.10.15;123.77;PTR;IM
01.11.15;197.77;PTR;IM
01.12.15;122.56;PTR;IM
01.01.16;100.36;PTR;IM
01.02.16;87.58;PTR;IM
01.03.16;180.57;PTR;IM
01.04.16;145.09;PTR;IM
01.05.16;127.82;PTR;IM
01.06.16;106.58;PTR;IM
01.07.16;109.12;PTR;IM
01.08.16;115.31;PTR;IM
01.09.16;82.14;PTR;IM
01.10.16;59.53;PTR;IM
01.11.16;75.95;PTR;IM
01.12.16;74.72;PTR;IM
01.01.17;48.87;PTR;IM
01.02.17;53.16;PTR;IM
01.03.17;72.74;PTR;IM
01.04.17;86.87;PTR;IM
01.05.17;101.24;PTR;IM
01.06.17;130.53;PTR;IM
01.07.17;144.91;PTR;IM
01.08.17;69.17;PTR;IM
01.01.14;1301.44;ORE;IM
01.02.14;1341.69;ORE;IM
01.03.14;1457.58;ORE;IM
01.04.14;1432.55;ORE;IM
01.05.14;1529.42;ORE;IM
01.06.14;1458.52;ORE;IM
01.07.14;1536.75;ORE;IM
01.08.14;1453.13;ORE;IM
01.09.14;1485.13;ORE;IM
01.10.14;1388.45;ORE;IM
01.11.14;1446.06;ORE;IM
01.12.14;1372.39;ORE;IM
01.01.15;1276.85;ORE;IM
01.02.15;1263.01;ORE;IM
01.03.15;1296.29;ORE;IM
01.04.15;1387.47;ORE;IM
01.05.15;1366.7;ORE;IM
01.06.15;1143.47;ORE;IM
01.07.15;1307.05;ORE;IM
01.08.15;1319.18;ORE;IM
01.09.15;1099.08;ORE;IM
01.10.15;1051.42;ORE;IM
01.11.15;1117.49;ORE;IM
01.12.15;1273.56;ORE;IM
01.01.16;1071.68;ORE;IM
01.02.16;1188.49;ORE;IM
01.03.16;1259.74;ORE;IM
01.04.16;1105.99;ORE;IM
01.05.16;1249.39;ORE;IM
01.06.16;1321.56;ORE;IM
01.07.16;1258.04;ORE;IM
01.08.16;1152.9;ORE;IM
01.09.16;1071.94;ORE;IM
01.10.16;1156.63;ORE;IM
01.11.16;1133.17;ORE;IM
01.12.16;1374.62;ORE;IM
01.01.17;1197.52;ORE;IM
01.02.17;1074.78;ORE;IM
01.03.17;1239.1;ORE;IM
01.04.17;1318.66;ORE;IM
01.05.17;1423.05;ORE;IM
01.06.17;1386.1;ORE;IM
01.07.17;1381.66;ORE;IM
01.08.17;1337.97;ORE;IM
01.01.14;2700.65;CL2;IM
01.02.14;2438.32;CL2;IM
01.03.14;2336.36;CL2;IM
01.04.14;2154.47;CL2;IM
01.05.14;2092.94;CL2;IM
01.06.14;2195.01;CL2;IM
01.07.14;2224.92;CL2;IM
01.08.14;2345.9;CL2;IM
01.09.14;2235.5;CL2;IM
01.10.14;2261.76;CL2;IM
01.11.14;2579.41;CL2;IM
01.12.14;2632.03;CL2;IM
01.01.15;2026.52;CL2;IM
01.02.15;2382.93;CL2;IM
01.03.15;2316.03;CL2;IM
01.04.15;2207.63;CL2;IM
01.05.15;1829.97;CL2;IM
01.06.15;1433.67;CL2;IM
01.07.15;2119.59;CL2;IM
01.08.15;2089.67;CL2;IM
01.09.15;2177.58;CL2;IM
01.10.15;2240.74;CL2;IM
01.11.15;2274.21;CL2;IM
01.12.15;2565.56;CL2;IM
01.01.16;2085.2;CL2;IM
01.02.16;2044;CL2;IM
01.03.16;2034.91;CL2;IM
01.04.16;1929.33;CL2;IM
01.05.16;1705.03;CL2;IM
01.06.16;1727.58;CL2;IM
01.07.16;1617.27;CL2;IM
01.08.16;1753.44;CL2;IM
01.09.16;2286.22;CL2;IM
01.10.16;2145.28;CL2;IM
01.11.16;2123.19;CL2;IM
01.12.16;2419.31;CL2;IM
01.01.17;2499.71;CL2;IM
01.02.17;2134.4;CL2;IM
01.03.17;2491.21;CL2;IM
01.04.17;2071.25;CL2;IM
01.05.17;2025.5;CL2;IM
01.06.17;2001.42;CL2;IM
01.07.17;1932.6;CL2;IM
01.08.17;1948.28;CL2;IM
01.01.14;8.35;FRT;IM
01.02.14;14.43;FRT;IM
01.03.14;22.8;FRT;IM
01.04.14;18.54;FRT;IM
01.05.14;27.16;FRT;IM
01.06.14;20.44;FRT;IM
01.07.14;23.24;FRT;IM
01.08.14;20.85;FRT;IM
01.09.14;17.41;FRT;IM
01.10.14;9.42;FRT;IM
01.11.14;14.6;FRT;IM
01.12.14;10.96;FRT;IM
01.01.15;4.53;FRT;IM
01.02.15;12.28;FRT;IM
01.03.15;15.97;FRT;IM
01.04.15;22.64;FRT;IM
01.05.15;12.06;FRT;IM
01.06.15;20.5;FRT;IM
01.07.15;32.83;FRT;IM
01.08.15;28.12;FRT;IM
01.09.15;28.1;FRT;IM
01.10.15;24.05;FRT;IM
01.11.15;18.83;FRT;IM
01.12.15;34.64;FRT;IM
01.01.16;26.6;FRT;IM
01.02.16;23.03;FRT;IM
01.03.16;18.69;FRT;IM
01.04.16;35.39;FRT;IM
01.05.16;41.81;FRT;IM
01.06.16;57.84;FRT;IM
01.07.16;72.58;FRT;IM
01.08.16;73.91;FRT;IM
01.09.16;54.97;FRT;IM
01.10.16;35.27;FRT;IM
01.11.16;48.53;FRT;IM
01.12.16;37.61;FRT;IM
01.01.17;41.11;FRT;IM
01.02.17;49.41;FRT;IM
01.03.17;80.45;FRT;IM
01.04.17;83.29;FRT;IM
01.05.17;70.83;FRT;IM
01.06.17;71.62;FRT;IM
01.07.17;126.94;FRT;IM
01.08.17;113.88;FRT;IM
01.01.14;99.56;BRD;IM
01.02.14;74.55;BRD;IM
01.03.14;83.08;BRD;IM
01.04.14;88.87;BRD;IM
01.05.14;103.03;BRD;IM
01.06.14;124.17;BRD;IM
01.07.14;63.61;BRD;IM
01.08.14;32.39;BRD;IM
01.09.14;20.48;BRD;IM
01.10.14;32.11;BRD;IM
01.11.14;42.24;BRD;IM
01.12.14;46;BRD;IM
01.01.15;32.28;BRD;IM
01.02.15;31.05;BRD;IM
01.03.15;23.93;BRD;IM
01.04.15;33.37;BRD;IM
01.05.15;33.98;BRD;IM
01.06.15;48.38;BRD;IM
01.07.15;53.55;BRD;IM
01.08.15;30.01;BRD;IM
01.09.15;21.42;BRD;IM
01.10.15;60.54;BRD;IM
01.11.15;117.36;BRD;IM
01.12.15;119.66;BRD;IM
01.01.16;95.46;BRD;IM
01.02.16;81.97;BRD;IM
01.03.16;68.9;BRD;IM
01.04.16;78.25;BRD;IM
01.05.16;74.58;BRD;IM
01.06.16;101.59;BRD;IM
01.07.16;105.37;BRD;IM
01.08.16;57.31;BRD;IM
01.09.16;85.34;BRD;IM
01.10.16;102.01;BRD;IM
01.11.16;102.5;BRD;IM
01.12.16;74.78;BRD;IM
01.01.17;51.08;BRD;IM
01.02.17;60.37;BRD;IM
01.03.17;72.26;BRD;IM
01.04.17;48.97;BRD;IM
01.05.17;62.33;BRD;IM
01.06.17;58.38;BRD;IM
01.07.17;68.59;BRD;IM
01.08.17;60.24;BRD;IM
01.01.14;362.68;MTL;IM
01.02.14;358.68;MTL;IM
01.03.14;465.93;MTL;IM
01.04.14;523.65;MTL;IM
01.05.14;593.56;MTL;IM
01.06.14;562.92;MTL;IM
01.07.14;591.81;MTL;IM
01.08.14;452.44;MTL;IM
01.09.14;441.6;MTL;IM
01.10.14;382.36;MTL;IM
01.11.14;382.69;MTL;IM
01.12.14;352.65;MTL;IM
01.01.15;267.17;MTL;IM
01.02.15;203.96;MTL;IM
01.03.15;212.81;MTL;IM
01.04.15;205.8;MTL;IM
01.05.15;268.75;MTL;IM
01.06.15;344.02;MTL;IM
01.07.15;382.25;MTL;IM
01.08.15;481.78;MTL;IM
01.09.15;389.06;MTL;IM
01.10.15;363.25;MTL;IM
01.11.15;364.77;MTL;IM
01.12.15;266.24;MTL;IM
01.01.16;165.58;MTL;IM
01.02.16;229.71;MTL;IM
01.03.16;283.22;MTL;IM
01.04.16;264.23;MTL;IM
01.05.16;301.73;MTL;IM
01.06.16;318.3;MTL;IM
01.07.16;320.02;MTL;IM
01.08.16;402.69;MTL;IM
01.09.16;333.96;MTL;IM
01.10.16;399.97;MTL;IM
01.11.16;364.81;MTL;IM
01.12.16;366.54;MTL;IM
01.01.17;419.68;MTL;IM
01.02.17;397.59;MTL;IM
01.03.17;432.28;MTL;IM
01.04.17;437.56;MTL;IM
01.05.17;430.7;MTL;IM
01.06.17;378.86;MTL;IM
01.07.17;434.34;MTL;IM
01.08.17;407.96;MTL;IM
01.01.14;7222.59;ALL;IM
01.02.14;7898.42;ALL;IM
01.03.14;9025.23;ALL;IM
01.04.14;9120.8;ALL;IM
01.05.14;9033.82;ALL;IM
01.06.14;9399.5;ALL;IM
01.07.14;9569.05;ALL;IM
01.08.14;9223.22;ALL;IM
01.09.14;9074.11;ALL;IM
01.10.14;8990.41;ALL;IM
01.11.14;8419.4;ALL;IM
01.12.14;7589.82;ALL;IM
01.01.15;5744.55;ALL;IM
01.02.15;5993.17;ALL;IM
01.03.15;6669.04;ALL;IM
01.04.15;6866.72;ALL;IM
01.05.15;6871.63;ALL;IM
01.06.15;6647.46;ALL;IM
01.07.15;7682.14;ALL;IM
01.08.15;7210.03;ALL;IM
01.09.15;6625.75;ALL;IM
01.10.15;6817.3;ALL;IM
01.11.15;6624.8;ALL;IM
01.12.15;6673.62;ALL;IM
01.01.16;4739.28;ALL;IM
01.02.16;5385.9;ALL;IM
01.03.16;5821.34;ALL;IM
01.04.16;6122.07;ALL;IM
01.05.16;6121.31;ALL;IM
01.06.16;6473.12;ALL;IM
01.07.16;6661.6;ALL;IM
01.08.16;6759.54;ALL;IM
01.09.16;7406.04;ALL;IM
01.10.16;7089.79;ALL;IM
01.11.16;6527.4;ALL;IM
01.12.16;6613.93;ALL;IM
01.01.17;6024;ALL;IM
01.02.17;6084.03;ALL;IM
01.03.17;7106.7;ALL;IM
01.04.17;7031.87;ALL;IM
01.05.17;7187.9;ALL;IM
01.06.17;6944.81;ALL;IM
01.07.17;6950.9;ALL;IM
01.08.17;6928.85;ALL;IM
01.01.14;36155.16;ALL;EX
01.02.14;34025.5;ALL;EX
01.03.14;37004.69;ALL;EX
01.04.14;35389.11;ALL;EX
01.05.14;35076.4;ALL;EX
01.06.14;33651.6;ALL;EX
01.07.14;33783.77;ALL;EX
01.08.14;33766.13;ALL;EX
01.09.14;32913.5;ALL;EX
01.10.14;35392.07;ALL;EX
01.11.14;35994.75;ALL;EX
01.12.14;35882.78;ALL;EX
01.01.15;35614.6;ALL;EX
01.02.15;33780.25;ALL;EX
01.03.15;38025.15;ALL;EX
01.04.15;33773.82;ALL;EX
01.05.15;34769.6;ALL;EX
01.06.15;33402.54;ALL;EX
01.07.15;34131.06;ALL;EX
01.08.15;34135.36;ALL;EX
01.09.15;33394.67;ALL;EX
01.10.15;34943.48;ALL;EX
01.11.15;35654.42;ALL;EX
01.12.15;37178.62;ALL;EX
01.01.16;34922.37;ALL;EX
01.02.16;33394.21;ALL;EX
01.03.16;37251.78;ALL;EX
01.04.16;35212.15;ALL;EX
01.05.16;35566.19;ALL;EX
01.06.16;34985.15;ALL;EX
01.07.16;35021.56;ALL;EX
01.08.16;35912.19;ALL;EX
01.09.16;35388.61;ALL;EX
01.10.16;36861.14;ALL;EX
01.11.16;38356.49;ALL;EX
01.12.16;40157.81;ALL;EX
01.01.17;39313.51;ALL;EX
01.02.17;36496.86;ALL;EX
01.03.17;40875.08;ALL;EX
01.04.17;38234.14;ALL;EX
01.05.17;38287.24;ALL;EX
01.06.17;37369.63;ALL;EX
01.07.17;37608.72;ALL;EX
01.08.17;37649.36;ALL;EX
01.01.14;59349.55;ALL;LC
01.02.14;58157.1;ALL;LC
01.03.14;66144.16;ALL;LC
01.04.14;66658.97;ALL;LC
01.05.14;69009.29;ALL;LC
01.06.14;67883.92;ALL;LC
01.07.14;70377.1;ALL;LC
01.08.14;72266.32;ALL;LC
01.09.14;72083.25;ALL;LC
01.10.14;72103.16;ALL;LC
01.11.14;66570.64;ALL;LC
01.12.14;66631.54;ALL;LC
01.01.15;58576.06;ALL;LC
01.02.15;57286.47;ALL;LC
01.03.15;63957.29;ALL;LC
01.04.15;65849.77;ALL;LC
01.05.15;65500.1;ALL;LC
01.06.15;64510.97;ALL;LC
01.07.15;68501.14;ALL;LC
01.08.15;70763.7;ALL;LC
01.09.15;70124.69;ALL;LC
01.10.15;71486.99;ALL;LC
01.11.15;67004.96;ALL;LC
01.12.15;66837.83;ALL;LC
01.01.16;58248.3;ALL;LC
01.02.16;61487.44;ALL;LC
01.03.16;66903.48;ALL;LC
01.04.16;66500.07;ALL;LC
01.05.16;67876.48;ALL;LC
01.06.16;67780.91;ALL;LC
01.07.16;70249.79;ALL;LC
01.08.16;71211.82;ALL;LC
01.09.16;67952.47;ALL;LC
01.10.16;67506.58;ALL;LC
01.11.16;64240.43;ALL;LC
01.12.16;65811.25;ALL;LC
01.01.17;61055.6;ALL;LC
01.02.17;59637.96;ALL;LC
01.03.17;68309.71;ALL;LC
01.04.17;67860.75;ALL;LC
01.05.17;69923.77;ALL;LC
01.06.17;68614.6;ALL;LC
01.07.17;70671.34;ALL;LC
01.08.17;71575.98;ALL;LC
01.01.14;2403.99;ALL;TR
01.02.14;1716.36;ALL;TR
01.03.14;2176.24;ALL;TR
01.04.14;1931.14;ALL;TR
01.05.14;2075.28;ALL;TR
01.06.14;1774.94;ALL;TR
01.07.14;1959.41;ALL;TR
01.08.14;1990.33;ALL;TR
01.09.14;1777.81;ALL;TR
01.10.14;1972.86;ALL;TR
01.11.14;2021.81;ALL;TR
01.12.14;2105.66;ALL;TR
01.01.15;1528.56;ALL;TR
01.02.15;1566.03;ALL;TR
01.03.15;1733.12;ALL;TR
01.04.15;1678.35;ALL;TR
01.05.15;1805.36;ALL;TR
01.06.15;1808.34;ALL;TR
01.07.15;1860.56;ALL;TR
01.08.15;1697.92;ALL;TR
01.09.15;1644.28;ALL;TR
01.10.15;1702.06;ALL;TR
01.11.15;1664.54;ALL;TR
01.12.15;1676.83;ALL;TR
01.01.16;1335.08;ALL;TR
01.02.16;1214.5;ALL;TR
01.03.16;1380.54;ALL;TR
01.04.16;1467.1;ALL;TR
01.05.16;1589.01;ALL;TR
01.06.16;1539.62;ALL;TR
01.07.16;1736.22;ALL;TR
01.08.16;1538.39;ALL;TR
01.09.16;1565.01;ALL;TR
01.10.16;1570.94;ALL;TR
01.11.16;1702.51;ALL;TR
01.12.16;1910.45;ALL;TR
01.01.17;1768.14;ALL;TR
01.02.17;1557.24;ALL;TR
01.03.17;1906.03;ALL;TR
01.04.17;1856.98;ALL;TR
01.05.17;1825.58;ALL;TR
01.06.17;1774.74;ALL;TR
01.07.17;1897.11;ALL;TR
01.08.17;1690.06;ALL;TR
01.01.14;0.51;CL1;TR
01.02.14;0.51;CL1;TR
01.03.14;0.74;CL1;TR
01.04.14;0.77;CL1;TR
01.05.14;0.7;CL1;TR
01.06.14;0.67;CL1;TR
01.07.14;1.76;CL1;TR
01.08.14;4.36;CL1;TR
01.09.14;6.06;CL1;TR
01.10.14;2.35;CL1;TR
01.11.14;0.98;CL1;TR
01.12.14;0.72;CL1;TR
01.01.15;0.49;CL1;TR
01.02.15;0;CL1;TR
01.03.15;0;CL1;TR
01.04.15;0.23;CL1;TR
01.05.15;0.63;CL1;TR
01.06.15;0.33;CL1;TR
01.07.15;0.54;CL1;TR
01.08.15;0.35;CL1;TR
01.09.15;0.26;CL1;TR
01.10.15;0.26;CL1;TR
01.11.15;0.35;CL1;TR
01.12.15;0.18;CL1;TR
01.01.16;0.17;CL1;TR
01.02.16;0;CL1;TR
01.03.16;0.01;CL1;TR
01.04.16;0;CL1;TR
01.05.16;0;CL1;TR
01.06.16;0.4;CL1;TR
01.07.16;0.24;CL1;TR
01.08.16;0;CL1;TR
01.09.16;0;CL1;TR
01.10.16;0;CL1;TR
01.11.16;0;CL1;TR
01.12.16;0;CL1;TR
01.01.17;0;CL1;TR
01.02.17;0;CL1;TR
01.03.17;0;CL1;TR
01.04.17;0;CL1;TR
01.05.17;0;CL1;TR
01.06.17;0;CL1;TR
01.07.17;0;CL1;TR
01.08.17;0;CL1;TR
01.01.14;39.86;WD;TR
01.02.14;37.39;WD;TR
01.03.14;39.23;WD;TR
01.04.14;42.77;WD;TR
01.05.14;41.13;WD;TR
01.06.14;49.23;WD;TR
01.07.14;54.01;WD;TR
01.08.14;55.22;WD;TR
01.09.14;50.7;WD;TR
01.10.14;49.96;WD;TR
01.11.14;44.13;WD;TR
01.12.14;32.88;WD;TR
01.01.15;16.04;WD;TR
01.02.15;20.05;WD;TR
01.03.15;24.73;WD;TR
01.04.15;28.43;WD;TR
01.05.15;31.06;WD;TR
01.06.15;27.53;WD;TR
01.07.15;35.67;WD;TR
01.08.15;36.26;WD;TR
01.09.15;24.98;WD;TR
01.10.15;21.86;WD;TR
01.11.15;16.83;WD;TR
01.12.15;16.11;WD;TR
01.01.16;5.32;WD;TR
01.02.16;6.68;WD;TR
01.03.16;12.3;WD;TR
01.04.16;14.82;WD;TR
01.05.16;17.53;WD;TR
01.06.16;26.66;WD;TR
01.07.16;30.26;WD;TR
01.08.16;28.61;WD;TR
01.09.16;36.1;WD;TR
01.10.16;34.05;WD;TR
01.11.16;32.19;WD;TR
01.12.16;36.1;WD;TR
01.01.17;26.06;WD;TR
01.02.17;28.39;WD;TR
01.03.17;34.38;WD;TR
01.04.17;36.52;WD;TR
01.05.17;41.12;WD;TR
01.06.17;41.16;WD;TR
01.07.17;43.76;WD;TR
01.08.17;40.84;WD;TR
01.01.14;19;MIN;TR
01.02.14;35.49;MIN;TR
01.03.14;39.09;MIN;TR
01.04.14;43.52;MIN;TR
01.05.14;45.13;MIN;TR
01.06.14;41.99;MIN;TR
01.07.14;45.53;MIN;TR
01.08.14;45.34;MIN;TR
01.09.14;41.26;MIN;TR
01.10.14;46.91;MIN;TR
01.11.14;45.99;MIN;TR
01.12.14;42.64;MIN;TR
01.01.15;24.27;MIN;TR
01.02.15;29.6;MIN;TR
01.03.15;31.42;MIN;TR
01.04.15;33.24;MIN;TR
01.05.15;51.17;MIN;TR
01.06.15;49.35;MIN;TR
01.07.15;43.59;MIN;TR
01.08.15;48.8;MIN;TR
01.09.15;36.76;MIN;TR
01.10.15;46.55;MIN;TR
01.11.15;41.38;MIN;TR
01.12.15;34.06;MIN;TR
01.01.16;24.71;MIN;TR
01.02.16;19.38;MIN;TR
01.03.16;40.42;MIN;TR
01.04.16;38.31;MIN;TR
01.05.16;32.13;MIN;TR
01.06.16;38.34;MIN;TR
01.07.16;29.32;MIN;TR
01.08.16;32.69;MIN;TR
01.09.16;39.85;MIN;TR
01.10.16;41.72;MIN;TR
01.11.16;41.5;MIN;TR
01.12.16;30.68;MIN;TR
01.01.17;26.27;MIN;TR
01.02.17;30.63;MIN;TR
01.03.17;33.08;MIN;TR
01.04.17;31.04;MIN;TR
01.05.17;35.75;MIN;TR
01.06.17;37.51;MIN;TR
01.07.17;44.77;MIN;TR
01.08.17;30.84;MIN;TR
01.01.14;1140.21;PTR;TR
01.02.14;595.42;PTR;TR
01.03.14;823.28;PTR;TR
01.04.14;656.58;PTR;TR
01.05.14;772.79;PTR;TR
01.06.14;583.42;PTR;TR
01.07.14;643.21;PTR;TR
01.08.14;635.72;PTR;TR
01.09.14;527.93;PTR;TR
01.10.14;525.98;PTR;TR
01.11.14;607.2;PTR;TR
01.12.14;648.95;PTR;TR
01.01.15;479.54;PTR;TR
01.02.15;490.43;PTR;TR
01.03.15;493.13;PTR;TR
01.04.15;480.78;PTR;TR
01.05.15;562.82;PTR;TR
01.06.15;613.03;PTR;TR
01.07.15;641.73;PTR;TR
01.08.15;622.82;PTR;TR
01.09.15;539.41;PTR;TR
01.10.15;568.5;PTR;TR
01.11.15;560;PTR;TR
01.12.15;544.58;PTR;TR
01.01.16;441.53;PTR;TR
01.02.16;366.46;PTR;TR
01.03.16;358.3;PTR;TR
01.04.16;462.54;PTR;TR
01.05.16;512.01;PTR;TR
01.06.16;545.38;PTR;TR
01.07.16;567.48;PTR;TR
01.08.16;496.41;PTR;TR
01.09.16;501.82;PTR;TR
01.10.16;460.25;PTR;TR
01.11.16;427.09;PTR;TR
01.12.16;469.21;PTR;TR
01.01.17;442.99;PTR;TR
01.02.17;391.88;PTR;TR
01.03.17;440;PTR;TR
01.04.17;391.49;PTR;TR
01.05.17;468.16;PTR;TR
01.06.17;445.76;PTR;TR
01.07.17;430.65;PTR;TR
01.08.17;352.05;PTR;TR
01.01.14;5.16;ORE;TR
01.02.14;3.79;ORE;TR
01.03.14;4.38;ORE;TR
01.04.14;3.54;ORE;TR
01.05.14;6.07;ORE;TR
01.06.14;6.47;ORE;TR
01.07.14;5.66;ORE;TR
01.08.14;2.19;ORE;TR
01.09.14;2.45;ORE;TR
01.10.14;5.93;ORE;TR
01.11.14;5.8;ORE;TR
01.12.14;10.22;ORE;TR
01.01.15;4.01;ORE;TR
01.02.15;6.97;ORE;TR
01.03.15;3.06;ORE;TR
01.04.15;14.66;ORE;TR
01.05.15;12.63;ORE;TR
01.06.15;14.7;ORE;TR
01.07.15;22.87;ORE;TR
01.08.15;13;ORE;TR
01.09.15;2.51;ORE;TR
01.10.15;4.97;ORE;TR
01.11.15;11.41;ORE;TR
01.12.15;7.97;ORE;TR
01.01.16;1.94;ORE;TR
01.02.16;1.5;ORE;TR
01.03.16;2.06;ORE;TR
01.04.16;1.86;ORE;TR
01.05.16;0.7;ORE;TR
01.06.16;1.17;ORE;TR
01.07.16;3.36;ORE;TR
01.08.16;5.24;ORE;TR
01.09.16;5.65;ORE;TR
01.10.16;6.37;ORE;TR
01.11.16;5.43;ORE;TR
01.12.16;7.43;ORE;TR
01.01.17;4.94;ORE;TR
01.02.17;3.73;ORE;TR
01.03.17;5.01;ORE;TR
01.04.17;13.77;ORE;TR
01.05.17;16.52;ORE;TR
01.06.17;11.72;ORE;TR
01.07.17;11.51;ORE;TR
01.08.17;16.84;ORE;TR
01.01.14;301;CL2;TR
01.02.14;287.74;CL2;TR
01.03.14;282.36;CL2;TR
01.04.14;291.61;CL2;TR
01.05.14;353.81;CL2;TR
01.06.14;301.09;CL2;TR
01.07.14;371.34;CL2;TR
01.08.14;471.12;CL2;TR
01.09.14;383.39;CL2;TR
01.10.14;406.27;CL2;TR
01.11.14;396.31;CL2;TR
01.12.14;458.59;CL2;TR
01.01.15;388.53;CL2;TR
01.02.15;363.59;CL2;TR
01.03.15;478.8;CL2;TR
01.04.15;428.98;CL2;TR
01.05.15;439.6;CL2;TR
01.06.15;424.91;CL2;TR
01.07.15;432.03;CL2;TR
01.08.15;460.37;CL2;TR
01.09.15;423.56;CL2;TR
01.10.15;439.32;CL2;TR
01.11.15;332.38;CL2;TR
01.12.15;373.4;CL2;TR
01.01.16;248.61;CL2;TR
01.02.16;243.6;CL2;TR
01.03.16;210.72;CL2;TR
01.04.16;260.73;CL2;TR
01.05.16;272.59;CL2;TR
01.06.16;244.27;CL2;TR
01.07.16;383.88;CL2;TR
01.08.16;357.29;CL2;TR
01.09.16;333.1;CL2;TR
01.10.16;360.37;CL2;TR
01.11.16;423.02;CL2;TR
01.12.16;551.71;CL2;TR
01.01.17;516.44;CL2;TR
01.02.17;411.44;CL2;TR
01.03.17;526.17;CL2;TR
01.04.17;526.62;CL2;TR
01.05.17;412.3;CL2;TR
01.06.17;409.74;CL2;TR
01.07.17;532.71;CL2;TR
01.08.17;432.55;CL2;TR
01.01.14;23.23;FRT;TR
01.02.14;32.1;FRT;TR
01.03.14;44.72;FRT;TR
01.04.14;19.6;FRT;TR
01.05.14;15.32;FRT;TR
01.06.14;15.35;FRT;TR
01.07.14;21.35;FRT;TR
01.08.14;28.08;FRT;TR
01.09.14;18.25;FRT;TR
01.10.14;20.52;FRT;TR
01.11.14;10.38;FRT;TR
01.12.14;35.73;FRT;TR
01.01.15;18.08;FRT;TR
01.02.15;32.58;FRT;TR
01.03.15;25.92;FRT;TR
01.04.15;13.07;FRT;TR
01.05.15;8.44;FRT;TR
01.06.15;14.15;FRT;TR
01.07.15;18.01;FRT;TR
01.08.15;14.15;FRT;TR
01.09.15;9.08;FRT;TR
01.10.15;16.09;FRT;TR
01.11.15;5.61;FRT;TR
01.12.15;17.17;FRT;TR
01.01.16;28.05;FRT;TR
01.02.16;35.23;FRT;TR
01.03.16;17.87;FRT;TR
01.04.16;17.61;FRT;TR
01.05.16;14.77;FRT;TR
01.06.16;8.43;FRT;TR
01.07.16;16.58;FRT;TR
01.08.16;13.52;FRT;TR
01.09.16;16.12;FRT;TR
01.10.16;23.27;FRT;TR
01.11.16;20.3;FRT;TR
01.12.16;30.05;FRT;TR
01.01.17;22.69;FRT;TR
01.02.17;29.11;FRT;TR
01.03.17;48.25;FRT;TR
01.04.17;40.52;FRT;TR
01.05.17;23.8;FRT;TR
01.06.17;23.59;FRT;TR
01.07.17;15.52;FRT;TR
01.08.17;24.96;FRT;TR
01.01.14;246.54;BRD;TR
01.02.14;163.68;BRD;TR
01.03.14;190.12;BRD;TR
01.04.14;158.45;BRD;TR
01.05.14;113.87;BRD;TR
01.06.14;51.35;BRD;TR
01.07.14;23.09;BRD;TR
01.08.14;12.91;BRD;TR
01.09.14;53.84;BRD;TR
01.10.14;83.85;BRD;TR
01.11.14;85.49;BRD;TR
01.12.14;69.46;BRD;TR
01.01.15;54.48;BRD;TR
01.02.15;52.72;BRD;TR
01.03.15;39.54;BRD;TR
01.04.15;37.01;BRD;TR
01.05.15;51.1;BRD;TR
01.06.15;51.34;BRD;TR
01.07.15;31.85;BRD;TR
01.08.15;17.78;BRD;TR
01.09.15;22.75;BRD;TR
01.10.15;40.34;BRD;TR
01.11.15;75.53;BRD;TR
01.12.15;105.32;BRD;TR
01.01.16;58.54;BRD;TR
01.02.16;43.8;BRD;TR
01.03.16;51.92;BRD;TR
01.04.16;39.98;BRD;TR
01.05.16;45.89;BRD;TR
01.06.16;61.9;BRD;TR
01.07.16;38.87;BRD;TR
01.08.16;20.09;BRD;TR
01.09.16;19.28;BRD;TR
01.10.16;52.43;BRD;TR
01.11.16;72.72;BRD;TR
01.12.16;90.62;BRD;TR
01.01.17;73.58;BRD;TR
01.02.17;44.72;BRD;TR
01.03.17;72.97;BRD;TR
01.04.17;57.81;BRD;TR
01.05.17;55.59;BRD;TR
01.06.17;54.65;BRD;TR
01.07.17;67.2;BRD;TR
01.08.17;49.72;BRD;TR
01.01.14;72.1;MTL;TR
01.02.14;57.69;MTL;TR
01.03.14;72.7;MTL;TR
01.04.14;98.09;MTL;TR
01.05.14;89.37;MTL;TR
01.06.14;105.21;MTL;TR
01.07.14;105.76;MTL;TR
01.08.14;87.2;MTL;TR
01.09.14;59.79;MTL;TR
01.10.14;92.01;MTL;TR
01.11.14;101.2;MTL;TR
01.12.14;115.58;MTL;TR
01.01.15;79.79;MTL;TR
01.02.15;69.07;MTL;TR
01.03.15;89.73;MTL;TR
01.04.15;89.9;MTL;TR
01.05.15;95.53;MTL;TR
01.06.15;83.93;MTL;TR
01.07.15;78.23;MTL;TR
01.08.15;65.09;MTL;TR
01.09.15;73.95;MTL;TR
01.10.15;84.31;MTL;TR
01.11.15;97.68;MTL;TR
01.12.15;96.03;MTL;TR
01.01.16;123.58;MTL;TR
01.02.16;98.08;MTL;TR
01.03.16;127.76;MTL;TR
01.04.16;136.13;MTL;TR
01.05.16;111.55;MTL;TR
01.06.16;81.11;MTL;TR
01.07.16;82.91;MTL;TR
01.08.16;113.01;MTL;TR
01.09.16;79.06;MTL;TR
01.10.16;76.45;MTL;TR
01.11.16;165.92;MTL;TR
01.12.16;140.39;MTL;TR
01.01.17;154.18;MTL;TR
01.02.17;93.41;MTL;TR
01.03.17;120.73;MTL;TR
01.04.17;99.5;MTL;TR
01.05.17;115.29;MTL;TR
01.06.17;99.71;MTL;TR
01.07.17;115.14;MTL;TR
01.08.17;103.48;MTL;TR
